Workbook

Sheet Participantes y pagos
D3: Participante | E3: Pago
D4: Michael Letrado | E4: OK
D5: Sergio Echeverria | E5: OK
D6: Gabriel Letrado | E6: OK
D7: Javier Adames
D8: Sebastian Rios | E8: OK
D9: Karen Vargas | E9: OK
D10: Monica Marin | E10: OK
D11: Cesar Letrado | E11: OK
D12: Kevin Ravelo | E12: OK
D13: Mateo Salamanca | E13: OK
D14: Esmeralda Rueda
D15: Julian Rodriguez | E15: OK
D16: Diego Marin | E16: OK
D17: Samuel Ramirez | E17: OK
D18: Cristian Godoy | E18: OK
D19: Peter Letrado | E19: OK
D20: Nicolas Letrado | E20: OK
D21: Orlando Narvaez | E21: OK
D22: Andres Castro | E22: OK
D23: Fredy Hernandez | E23: OK
D24: Sneyder Bonilla | E24: OK
D25: Yury Romero | E25: OK
D26: Juan Moreno | E26: OK
... D34: Deivid Ramirez | E34: OK
D35: Fredy Letrado

Sheet Pronosticos Iniciales
C2: Participante | D2: Campeon | E2: Goleador | F2: Mvp | G2: Maximo asistente | H2: Goleador F. Grupos | I2: Mejor Equipo Grupos | J2: Puntos obtenidos | K2: Puntos Posibles
C3: Michael Letrado | D3: Francia | E3: Mbappe | F3: Mbappe | G3: Bruno Fernandez | H3: Cristiano Ronaldo | I3: Belgica
C4: Sergio Echeverria | D4: Francia | E4: Luis Suarez | F4: Luis Diaz | G4: James Rodriguez | H4: Luis Diaz | I4: Colombia
C5: Gabriel Letrado | D5: Francia | E5: Harry Kane | F5: Mbappe | G5: Yamal | H5: Mbappe | I5: Argentina
C6: Javier Adames | D6: España | E6: Mbappe | F6: Olise | G6: Yamal | H6: Mbappe | I6: España
C7: Sebastian Rios | D7: Francia | E7: Mbappe | F7: Mbappe | G7: Musiala | H7: Cristiano Ronaldo | I7: España
C8: Karen Vargas | D8: España | E8: Mbappe | F8: Yamal | G8: Yamal | H8: Mbappe | I8: España
C9: Monica Marin | D9: España | E9: Harry Kane | F9: Yamal | G9: Yamal | H9: Harry Kane | I9: Argentina
C10: Cesar Letrado | D10: España | E10: Mbappe | F10: Yamal | G10: Yamal | H10: Mbappe | I10: España
C11: Kevin Ravelo | D11: Francia | E11: Mbappe | F11: Yamal | G11: Yamal | H11: Harry Kane | I11: Argentina
C12: Mateo Salamanca | D12: España | E12: Harry Kane | F12: Yamal | G12: Pedri | H12: Julian Alvarez | I12: Argentina
C13: Esmeralda Rueda | D13: España | E13: Harry Kane | F13: Yamal | G13: Yamal | H13: Lautaro Martinez | I13: Argentina
C14: Julian Rodriguez | D14: Brasil | E14: Haaland | F14: Raphina | G14: James Rodriguez | H14: Lautaro Martinez | I14: Brasil
... C34: Fredy Letrado | D34: Argentina | E34: Mbappe | F34: Messi | G34: Messi | H34: Mbappe | I34: Francia

Sheet RESULTADOS
A1: Participante | B1: Partido 1 | D1: Resultado Oficial | F1: Partido 2 | H1: Resultado Oficial | J1: Puntaje de la jornada | K1: Partido 3 | M1: Resultado Oficial | O1: Partido 4 | Q1: Resultado Oficial | S1: Puntaje de la jornada | T1: Partido 5 | V1: Resultado Oficial | X1: Partido 6 | Z1: Resultado Oficial | AB1: Partido 7 | AD1: Resultado Oficial | AF1: Partido 8 | AH1: Resultado Oficial | AJ1: Puntaje de la jornada | AK1: Partido | AM1: Resultado Oficial | AO1: Partido | AQ1: Resultado Oficial | AS1: Partido | AU1: Resultado Oficial | AW1: Partido 12 | AY1: Resultado Oficial | BA1: Puntaje de la jornada | BB1: Partido | BD1: Resultado Oficial | BF1: Partido | BH1: Resultado Oficial | BJ1: Partido | BL1: Resultado Oficial | BN1: Partido 16 | BP1: Resultado Oficial | BR1: Puntaje de la jornada | BS1: Partido | BU1: Resultado Oficial | BW1: Partido | BY1: Resultado Oficial | CA1: Partido | CC1: Resultado Oficial | CE1: Partido 20 | CG1: Resultado Oficial | CI1: Puntaje de la jornada | CJ1: Partido 21 | CL1: Resultado Oficial | CN1: Partido 22 | CP1: Resultado Oficial | CR1: Partido 23 | CT1: Resultado Oficial | CV1: Partido 24 | CX1: Resultado Oficial | CZ1: Puntaje de la jornada | DA1: Partido 25 | DC1: Resultado Oficial | DE1: Partido 26 | DG1: Resultado Oficial | DI1: Partido 27 | DK1: Resultado Oficial | DM1: Partido 28 | DO1: Resultado Oficial | DQ1: Puntaje de la jornada | DR1: Partido 29 | DT1: Resultado Oficial | DV1: Partido 30 | DX1: Resultado Oficial | DZ1: Partido 31 | EB1: Resultado Oficial | ED1: Partido 32 | EF1: Resultado Oficial | EH1: Puntaje de la jornada | EI1: Partido 33 | EK1: Resultado Oficial | EM1: Partido 34 | EO1: Resultado Oficial | EQ1: Partido 35 | ES1: Resultado Oficial | EU1: Partido 36 | EW1: Resultado Oficial | EY1: Puntaje de la jornada | EZ1: Partido 37 | FB1: Resultado Oficial | FD1: Partido 38 | FF1: Resultado Oficial | FH1: Partido 39 | FJ1: Resultado Oficial | FL1: Partido 40 | FN1: Resultado Oficial | FP1: Puntaje de la jornada | FQ1: Partido | FS1: Resultado Oficial | FU1: Partido | FW1: Resultado Oficial | FY1: Partido | GA1: Resultado Oficial | GC1: Partido 44 | GE1: Resultado Oficial | GG1: Puntaje de la jornada | GH1: Partido | GJ1: Resultado Oficial | GL1: Partido | GN1: Resultado Oficial | GP1: Partido | GR1: Resultado Oficial | GT1: Partido 48 | GV1: Resultado Oficial | GX1: Puntaje de la jornada | GY1: Partido | HA1: Resultado Oficial | HC1: Partido | HE1: Resultado Oficial | HG1: Partido | HI1: Resultado Oficial | HK1: Partido | HM1: Resultado Oficial | HO1: Partido | HQ1: Resultado Oficial | HS1: Partido 54 | HU1: Resultado Oficial | HW1: Puntaje de la jornada | HX1: Partido | HZ1: Resultado Oficial | IB1: Partido | ID1: Resultado Oficial | IF1: Partido | IH1: Resultado Oficial | IJ1: Partido | IL1: Resultado Oficial | IN1: Partido | IP1: Resultado Oficial | IR1: Partido 60 | IT1: Resultado Oficial | IV1: Puntaje de la jornada | IW1: Partido | IY1: Resultado Oficial | JA1: Partido | JC1: Resultado Oficial | JE1: Partido | JG1: Resultado Oficial | JI1: Partido | JK1: Resultado Oficial | JM1: Partido | JO1: Resultado Oficial | JQ1: Partido 66 | JS1: Resultado Oficial | JU1: Puntaje de la jornada | JV1: Partido | JX1: Resultado Oficial | JZ1: Partido | KB1: Resultado Oficial | KD1: Partido | KF1: Resultado Oficial | KH1: Partido | KJ1: Resultado Oficial | KL1: Partido | KN1: Resultado Oficial | KP1: Partido 72 | KR1: Resultado Oficial | KT1: Puntaje de la jornada | KU1: Partido 73 | KW1: Resultado Oficial | KY1: Puntaje de la jornada | KZ1: Partido | LB1: Resultado Oficial | LD1: Partido | LF1: Resultado Oficial | LH1: Partido 76 | LJ1: Resultado Oficial | LL1: Puntaje de la jornada | LM1: Partido | LO1: Resultado Oficial | LQ1: Partido | LS1: Resultado Oficial | LU1: Partido 79 | LW1: Resultado Oficial | LY1: Puntaje de la jornada | LZ1: Partido | MB1: Resultado Oficial | MD1: Partido | MF1: Resultado Oficial | MH1: Partido 82 | MJ1: Resultado Oficial | ML1: Puntaje de la jornada | MM1: Partido | MO1: Resultado Oficial | MQ1: Partido | MS1: Resultado Oficial | MU1: Partido 85 | MW1: Resultado Oficial | MY1: Puntaje de la jornada | MZ1: Partido | NB1: Resultado Oficial | ND1: Partido | NF1: Resultado Oficial | NH1: Partido 88 | NJ1: Resultado Oficial | NL1: Puntaje de la jornada | NM1: Partido | NO1: Resultado Oficial | NQ1: Partido 90 | NS1: Resultado Oficial | NU1: Puntaje de la jornada | NV1: Partido | NX1: Resultado Oficial | NZ1: Partido 92 | OB1: Resultado Oficial | OD1: Puntaje de la jornada | OE1: Partido | OG1: Resultado Oficial | OI1: Partido 94 | OK1: Resultado Oficial | OM1: Puntaje de la jornada | ON1: Partido | OP1: Resultado Oficial | OR1: Partido 96 | OT1: Resultado Oficial | OV1: Puntaje de la jornada | OW1: Partido 97 | OY1: Resultado Oficial | PA1: Puntaje de la jornada | PB1: Partido 98 | PD1: Resultado Oficial | PF1: Puntaje de la jornada | PG1: Partido | PI1: Resultado Oficial | PK1: Partido 100 | PM1: Resultado Oficial | PO1: Puntaje de la jornada | PP1: Partido | PR1: Resultado Oficial | PT1: Puntaje de la jornada | PU1: Partido 102 | PW1: Resultado Oficial | PY1: Puntaje de la jornada | PZ1: Partido 103 | QB1: Resultado Oficial | QD1: Puntaje de la jornada | QE1: Partido 104 | QG1: Resultado Oficial | QI1: Puntaje de la jornada
D2: 2 | E2: 0 | H2: 2 | I2: 1 | M2: 1 | N2: 1 | Q2: 4 | R2: 1 | V2: 1 | W2: 1 | Z2: 1 | AA2: 1 | AD2: 0 | AE2: 1 | AH2: 2 | AI2: 0 | AM2: 7 | AN2: 1 | AQ2: 2 | AR2: 2 | AU2: 1 | AV2: 0 | AY2: 5 | AZ2: 1 | BD2: 0 | BE2: 0 | BH2: 1 | BI2: 1 | BL2: 1 | BM2: 1 | BP2: 2 | BQ2: 2 | BU2: 3 | BV2: 1 | BY2: 1 | BZ2: 4 | CC2: 3 | CD2: 0 | CG2: 3 | CH2: 1 | CL2: 1 | CM2: 1 | CP2: 4 | CQ2: 2 | CT2: 1 | CU2: 0 | CX2: 1 | CY2: 3 | DC2: 1 | DD2: 1 | DG2: 4 | DH2: 1 | DK2: 6 | DL2: 0 | DO2: 1 | DP2: 0 | DT2: 2 | DU2: 0 | DX2: 0 | DY2: 1 | EB2: 3 | EC2: 0 | EF2: 0 | EG2: 1 | EK2: 5 | EL2: 1 | EO2: 2 | EP2: 1 | ES2: 0 | ET2: 0 | EW2: 0 | EX2: 4
B3: Mexico | C3: Sudafrica | D3: Puntos | F3: Corea | G3: R. Checa | H3: Puntos | K3: Canada | L3: Boznia | M3: Puntos | O3: EEUU | P3: Paraguay | Q3: Puntos | T3: Catar | U3: Suiza | V3: Puntos | X3: Brasil | Y3: Marruecos | Z3: Puntos | AB3: Haiti | AC3: Escocia | AD3: Puntos | AF3: Australia | AG3: Turquía | AH3: Puntos | AK3: Alemania | AL3: Curazao | AM3: Puntos | AO3: Países bajos | AP3: Japon | AQ3: Puntos | AS3: Costa de marfil | AT3: Ecuador | AU3: Puntos | AW3: Suecia | AX3: Túnez | AY3: Puntos | BB3: España | BC3: Cabo Verde | BD3: Puntos | BF3: Belgica | BG3: Egipto | BH3: Puntos | BJ3: Arabia Saudí | BK3: Uruguay | BL3: Puntos | BN3: Iran | BO3: Nueva Zelanda | BP3: Puntos | BS3: Francia | BT3: Senegal | BU3: Puntos | BW3: Iraq | BX3: Noruega | BY3: Puntos | CA3: Argentina | CB3: Argelia | CC3: Puntos | CE3: Austria | CF3: Jordania | CG3: Puntos | CJ3: Portugal | CK3: RD Congo | CL3: Puntos | CN3: Inlgaterra | CO3: Croacia | CP3: Puntos | CR3: Ghana | CS3: Panamá | CT3: Puntos | CV3: Usbekistan | CW3: Colombia | CX3: Puntos | DA3: R. Checa | DB3: Sudáfrica | DC3: Puntos | DE3: Suiza | DF3: Bosnia | DG3: Puntos | DI3: Canadá | DJ3: Catar | DK3: Puntos | DM3: Mexico | DN3: Corea | DO3: Puntos | DR3: EEUU | DS3: Australia | DT3: Puntos | DV3: Escocia | DW3: Marruecos | DX3: Puntos | DZ3: Brasil | EA3: Haiti | EB3: Puntos | ED3: Turquia | EE3: Paraguay | EF3: Puntos | EI3: Países bajos | EJ3: Suecia | EK3: Puntos | EM3: Alemania | EN3: Costa de marfil | EO3: Puntos | EQ3: Ecuador | ER3: Curazao | ES3: Puntos | EU3: Túnez | EV3: Japón | EW3: Puntos | EZ3: España | FA3: Arabia Saudí | FB3: Puntos | FD3: Belgica | FE3: Iran | FF3: Puntos | FH3: Uruguay | FI3: Cabo verde | FJ3: Puntos | FL3: Nueva Zelanda | FM3: Egipto | FN3: Puntos | FS3: Puntos | FW3: Puntos | GA3: Puntos | GE3: Puntos | GJ3: Puntos | GN3: Puntos | GR3: Puntos | GV3: Puntos | HA3: Puntos | HE3: Puntos | HI3: Puntos | HM3: Puntos | HQ3: Puntos | HU3: Puntos | HZ3: Puntos | ID3: Puntos | IH3: Puntos | IL3: Puntos | IP3: Puntos | IT3: Puntos | IY3: Puntos | JC3: Puntos | JG3: Puntos | JK3: Puntos | JO3: Puntos | JS3: Puntos | JX3: Puntos | KB3: Puntos | KF3: Puntos | KJ3: Puntos | KN3: Puntos | KR3: Puntos | KW3: Puntos | LB3: Puntos | LF3: Puntos | LJ3: Puntos | LO3: Puntos | LS3: Puntos | LW3: Puntos | MB3: Puntos | MF3: Puntos | MJ3: Puntos | MO3: Puntos | MS3: Puntos | MW3: Puntos | NB3: Puntos | NF3: Puntos | NJ3: Puntos | NO3: Puntos | NS3: Puntos | NX3: Puntos | OB3: Puntos | OG3: Puntos | OK3: Puntos | OP3: Puntos | OT3: Puntos | OY3: Puntos | PD3: Puntos | PI3: Puntos | PM3: Puntos | PR3: Puntos | PW3: Puntos | QB3: Puntos | QG3: Puntos
A4: Michael Letrado | B4: 2 | C4: 0 | D4: =IF( AND(B4=$D$2, C4=$E$2), 5, IF( AND( SIGN(B4-C4)=SIGN($D$2-$E$2), OR(B4=$D$2, C4=$E$2) ), 4, IF( SIGN(B4-C4)=SIGN($D$2-$E$2), 3, IF( OR(B4=$D$2, C4=$E$2), 1, 0 ) ) )) -> 5 | F4: 1 | G4: 1 | H4: =IF( AND(F4=$H$2, G4=$I$2), 5, IF( AND( SIGN(F4-G4)=SIGN($H$2-$I$2), OR(F4=$H$2, G4=$I$2) ), 4, IF( SIGN(F4-G4)=SIGN($H$2-$I$2), 3, IF( OR(F4=$H$2, G4=$I$2), 1, 0 ) ) )) -> 1 | J4: =D4+H4 -> 6 | K4: 2 | L4: 1 | M4: =IF(AND(K4="",L4=""),0,IF(AND(K4=$M$2,L4=$N$2),5,IF(AND(SIGN(K4-L4)=SIGN($M$2-$N$2),OR(K4=$M$2,L4=$N$2)),4,IF(SIGN(K4-L4)=SIGN($M$2-$N$2),3,IF(OR(K4=$M$2,L4=$N$2),1,0))))) -> 1 | O4: 1 | P4: 2 | Q4: =IF(AND(O4="",P4=""),0,IF(AND(O4=$Q$2,P4=$R$2),5,IF(AND(SIGN(O4-P4)=SIGN($Q$2-$R$2),OR(O4=$Q$2,P4=$R$2)),4,IF(SIGN(O4-P4)=SIGN($Q$2-$R$2),3,IF(OR(O4=$Q$2,P4=$R$2),1,0))))) -> 0 | S4: =M4+Q4 -> 1 | T4: 0 | U4: 3 | V4: =IF(AND(T4="",U4=""),0,IF(AND(T4=$V$2,U4=$W$2),5,IF(AND(SIGN(T4-U4)=SIGN($V$2-$W$2),OR(T4=$V$2,U4=$W$2)),4,IF(SIGN(T4-U4)=SIGN($V$2-$W$2),3,IF(OR(T4=$V$2,U4=$W$2),1,0))))) -> 0 | X4: 2 | Y4: 2 | Z4: =IF(AND(X4="",Y4=""),0,IF(AND(X4=$Z$2,Y4=$AA$2),5,IF(AND(SIGN(X4-Y4)=SIGN($Z$2-$AA$2),OR(X4=$Z$2,Y4=$AA$2)),4,IF(SIGN(X4-Y4)=SIGN($Z$2-$AA$2),3,IF(OR(X4=$Z$2,Y4=$AA$2),1,0))))) -> 3 | AB4: 0 | AC4: 2 | AD4: =IF(AND(AB4="",AC4=""),0,IF(AND(AB4=$AD$2,AC4=$AE$2),5,IF(AND(SIGN(AB4-AC4)=SIGN($AD$2-$AE$2),OR(AB4=$AD$2,AC4=$AE$2)),4,IF(SIGN(AB4-AC4)=SIGN($AD$2-$AE$2),3,IF(OR(AB4=$AD$2,AC4=$AE$2),1,0))))) -> 4 | AF4: 1 | AG4: 2 | AH4: =IF(AND(AF4="",AG4=""),0,IF(AND(AF4=$AH$2,AG4=$AI$2),5,IF(AND(SIGN(AF4-AG4)=SIGN($AH$2-$AI$2),OR(AF4=$AH$2,AG4=$AI$2)),4,IF(SIGN(AF4-AG4)=SIGN($AH$2-$AI$2),3,IF(OR(AF4=$AH$2,AG4=$AI$2),1,0))))) -> 0 | AJ4: =V4+Z4+AD4+AH4 -> 7 | AK4: 5 | AL4: 0 | AM4: =IF(AND(AK4="",AL4=""),0,IF(AND(AK4=$AM$2,AL4=$AN$2),5,IF(AND(SIGN(AK4-AL4)=SIGN($AM$2-$AN$2),OR(AK4=$AM$2,AL4=$AN$2)),4,IF(SIGN(AK4-AL4)=SIGN($AM$2-$AN$2),3,IF(OR(AK4=$AM$2,AL4=$AN$2),1,0))))) -> 3 | AO4: 1 | AP4: 2 | AQ4: =IF(AND(AO4="",AP4=""),0,IF(AND(AO4=$AQ$2,AP4=$AR$2),5,IF(AND(SIGN(AO4-AP4)=SIGN($AQ$2-$AR$2),OR(AO4=$AQ$2,AP4=$AR$2)),4,IF(SIGN(AO4-AP4)=SIGN($AQ$2-$AR$2),3,IF(OR(AO4=$AQ$2,AP4=$AR$2),1,0))))) -> 1 | AS4: 1 | AT4: 2 | AU4: =IF(AND(AS4="",AT4=""),0,IF(AND(AS4=$AU$2,AT4=$AV$2),5,IF(AND(SIGN(AS4-AT4)=SIGN($AU$2-$AV$2),OR(AS4=$AU$2,AT4=$AV$2)),4,IF(SIGN(AS4-AT4)=SIGN($AU$2-$AV$2),3,IF(OR(AS4=$AU$2,AT4=$AV$2),1,0))))) -> 1 | AW4: 2 | AX4: 0 | AY4: =IF(AND(AW4="",AX4=""),0,IF(AND(AW4=$AY$2,AX4=$AZ$2),5,IF(AND(SIGN(AW4-AX4)=SIGN($AY$2-$AZ$2),OR(AW4=$AY$2,AX4=$AZ$2)),4,IF(SIGN(AW4-AX4)=SIGN($AY$2-$AZ$2),3,IF(OR(AW4=$AY$2,AX4=$AZ$2),1,0))))) -> 3 | BA4: =AM4+AQ4+AU4+AY4 -> 8 | BB4: 7 | BC4: 0 | BD4: =IF(AND(BB4="",BC4=""),0,IF(AND(BB4=$BD$2,BC4=$BE$2),5,IF(AND(SIGN(BB4-BC4)=SIGN($BD$2-$BE$2),OR(BB4=$BD$2,BC4=$BE$2)),4,IF(SIGN(BB4-BC4)=SIGN($BD$2-$BE$2),3,IF(OR(BB4=$BD$2,BC4=$BE$2),1,0))))) -> 1 | BF4: 3 | BG4: 1 | BH4: =IF(AND(BF4="",BG4=""),0,IF(AND(BF4=$BH$2,BG4=$BI$2),5,IF(AND(SIGN(BF4-BG4)=SIGN($BH$2-$BI$2),OR(BF4=$BH$2,BG4=$BI$2)),4,IF(SIGN(BF4-BG4)=SIGN($BH$2-$BI$2),3,IF(OR(BF4=$BH$2,BG4=$BI$2),1,0))))) -> 1 | BJ4: 0 | BK4: 2 | BL4: =IF(AND(BJ4="",BK4=""),0,IF(AND(BJ4=$BL$2,BK4=$BM$2),5,IF(AND(SIGN(BJ4-BK4)=SIGN($BL$2-$BM$2),OR(BJ4=$BL$2,BK4=$BM$2)),4,IF(SIGN(BJ4-BK4)=SIGN($BL$2-$BM$2),3,IF(OR(BJ4=$BL$2,BK4=$BM$2),1,0))))) -> 0 | BN4: 2 | BO4: 1 | BP4: =IF(AND(BN4="",BO4=""),0,IF(AND(BN4=$BP$2,BO4=$BQ$2),5,IF(AND(SIGN(BN4-BO4)=SIGN($BP$2-$BQ$2),OR(BN4=$BP$2,BO4=$BQ$2)),4,IF(SIGN(BN4-BO4)=SIGN($BP$2-$BQ$2),3,IF(OR(BN4=$BP$2,BO4=$BQ$2),1,0))))) -> 1 | BR4: =BD4+BH4+BL4+BP4 -> 3 | BS4: 2 | BT4: 1 | BU4: =IF(AND(BS4="",BT4=""),0,IF(AND(BS4=$BU$2,BT4=$BV$2),5,IF(AND(SIGN(BS4-BT4)=SIGN($BU$2-$BV$2),OR(BS4=$BU$2,BT4=$BV$2)),4,IF(SIGN(BS4-BT4)=SIGN($BU$2-$BV$2),3,IF(OR(BS4=$BU$2,BT4=$BV$2),1,0))))) -> 4 | BW4: 0 | BX4: 2 | BY4: =IF(AND(BW4="",BX4=""),0,IF(AND(BW4=$BY$2,BX4=$BZ$2),5,IF(AND(SIGN(BW4-BX4)=SIGN($BY$2-$BZ$2),OR(BW4=$BY$2,BX4=$BZ$2)),4,IF(SIGN(BW4-BX4)=SIGN($BY$2-$BZ$2),3,IF(OR(BW4=$BY$2,BX4=$BZ$2),1,0))))) -> 3 | CA4: 2 | CB4: 1 | CC4: =IF(AND(CA4="",CB4=""),0,IF(AND(CA4=$CC$2,CB4=$CD$2),5,IF(AND(SIGN(CA4-CB4)=SIGN($CC$2-$CD$2),OR(CA4=$CC$2,CB4=$CD$2)),4,IF(SIGN(CA4-CB4)=SIGN($CC$2-$CD$2),3,IF(OR(CA4=$CC$2,CB4=$CD$2),1,0))))) -> 3 | CE4: 2 | CF4: 0 | CG4: =IF(AND(CE4="",CF4=""),0,IF(AND(CE4=$CG$2,CF4=$CH$2),5,IF(AND(SIGN(CE4-CF4)=SIGN($CG$2-$CH$2),OR(CE4=$CG$2,CF4=$CH$2)),4,IF(SIGN(CE4-CF4)=SIGN($CG$2-$CH$2),3,IF(OR(CE4=$CG$2,CF4=$CH$2),1,0))))) -> 3 | CI4: =BU4+BY4+CC4+CG4 -> 13 | CJ4: 4 | CK4: 0 | CL4: =IF(AND(CJ4="",CK4=""),0,IF(AND(CJ4=$CL$2,CK4=$CM$2),5,IF(AND(SIGN(CJ4-CK4)=SIGN($CL$2-$CM$2),OR(CJ4=$CL$2,CK4=$CM$2)),4,IF(SIGN(CJ4-CK4)=SIGN($CL$2-$CM$2),3,IF(OR(CJ4=$CL$2,CK4=$CM$2),1,0))))) -> 0 | CN4: 1 | CO4: 1 | CP4: =IF(AND(CN4="",CO4=""),0,IF(AND(CN4=$CP$2,CO4=$CQ$2),5,IF(AND(SIGN(CN4-CO4)=SIGN($CP$2-$CQ$2),OR(CN4=$CP$2,CO4=$CQ$2)),4,IF(SIGN(CN4-CO4)=SIGN($CP$2-$CQ$2),3,IF(OR(CN4=$CP$2,CO4=$CQ$2),1,0))))) -> 0 | CR4: 2 | CS4: 0 | CT4: =IF(AND(CR4="",CS4=""),0,IF(AND(CR4=$CT$2,CS4=$CU$2),5,IF(AND(SIGN(CR4-CS4)=SIGN($CT$2-$CU$2),OR(CR4=$CT$2,CS4=$CU$2)),4,IF(SIGN(CR4-CS4)=SIGN($CT$2-$CU$2),3,IF(OR(CR4=$CT$2,CS4=$CU$2),1,0))))) -> 4 | CV4: 0 | CW4: 2 | CX4: =IF(AND(CV4="",CW4=""),0,IF(AND(CV4=$CX$2,CW4=$CY$2),5,IF(AND(SIGN(CV4-CW4)=SIGN($CX$2-$CY$2),OR(CV4=$CX$2,CW4=$CY$2)),4,IF(SIGN(CV4-CW4)=SIGN($CX$2-$CY$2),3,IF(OR(CV4=$CX$2,CW4=$CY$2),1,0))))) -> 3 | CZ4: =CL4+CP4+CT4+CX4 -> 7 | DA4: 2 | DB4: 0 | DC4: =IF(AND(DA4="",DB4=""),0,IF(AND(DA4=$DC$2,DB4=$DD$2),5,IF(AND(SIGN(DA4-DB4)=SIGN($DC$2-$DD$2),OR(DA4=$DC$2,DB4=$DD$2)),4,IF(SIGN(DA4-DB4)=SIGN($DC$2-$DD$2),3,IF(OR(DA4=$DC$2,DB4=$DD$2),1,0))))) -> 0 | DE4: 1 | DF4: 1 | DG4: =IF(AND(DE4="",DF4=""),0,IF(AND(DE4=$DG$2,DF4=$DH$2),5,IF(AND(SIGN(DE4-DF4)=SIGN($DG$2-$DH$2),OR(DE4=$DG$2,DF4=$DH$2)),4,IF(SIGN(DE4-DF4)=SIGN($DG$2-$DH$2),3,IF(OR(DE4=$DG$2,DF4=$DH$2),1,0))))) -> 1 | DI4: 2 | DJ4: 0 | DK4: =IF(AND(DI4="",DJ4=""),0,IF(AND(DI4=$DK$2,DJ4=$DL$2),5,IF(AND(SIGN(DI4-DJ4)=SIGN($DK$2-$DL$2),OR(DI4=$DK$2,DJ4=$DL$2)),4,IF(SIGN(DI4-DJ4)=SIGN($DK$2-$DL$2),3,IF(OR(DI4=$DK$2,DJ4=$DL$2),1,0))))) -> 4 | DM4: 1 | DN4: 1 | DO4: =IF(AND(DM4="",DN4=""),0,IF(AND(DM4=$DO$2,DN4=$DP$2),5,IF(AND(SIGN(DM4-DN4)=SIGN($DO$2-$DP$2),OR(DM4=$DO$2,DN4=$DP$2)),4,IF(SIGN(DM4-DN4)=SIGN($DO$2-$DP$2),3,IF(OR(DM4=$DO$2,DN4=$DP$2),1,0))))) -> 1 | DQ4: =DC4+DG4+DK4+DO4 -> 6 | DR4: 3 | DS4: 1 | DT4: =IF(AND(DR4="",DS4=""),0,IF(AND(DR4=$DT$2,DS4=$DU$2),5,IF(AND(SIGN(DR4-DS4)=SIGN($DT$2-$DU$2),OR(DR4=$DT$2,DS4=$DU$2)),4,IF(SIGN(DR4-DS4)=SIGN($DT$2-$DU$2),3,IF(OR(DR4=$DT$2,DS4=$DU$2),1,0))))) -> 3 | DV4: 0 | DW4: 2 | DX4: =IF(AND(DV4="",DW4=""),0,IF(AND(DV4=$DX$2,DW4=$DY$2),5,IF(AND(SIGN(DV4-DW4)=SIGN($DX$2-$DY$2),OR(DV4=$DX$2,DW4=$DY$2)),4,IF(SIGN(DV4-DW4)=SIGN($DX$2-$DY$2),3,IF(OR(DV4=$DX$2,DW4=$DY$2),1,0))))) -> 4 | DZ4: 3 | EA4: 0 | EB4: =IF(AND(DZ4="",EA4=""),0,IF(AND(DZ4=$EB$2,EA4=$EC$2),5,IF(AND(SIGN(DZ4-EA4)=SIGN($EB$2-$EC$2),OR(DZ4=$EB$2,EA4=$EC$2)),4,IF(SIGN(DZ4-EA4)=SIGN($EB$2-$EC$2),3,IF(OR(DZ4=$EB$2,EA4=$EC$2),1,0))))) -> 5 | ED4: 1 | EE4: 2 | EF4: =IF(AND(ED4="",EE4=""),0,IF(AND(ED4=$EF$2,EE4=$EG$2),5,IF(AND(SIGN(ED4-EE4)=SIGN($EF$2-$EG$2),OR(ED4=$EF$2,EE4=$EG$2)),4,IF(SIGN(ED4-EE4)=SIGN($EF$2-$EG$2),3,IF(OR(ED4=$EF$2,EE4=$EG$2),1,0))))) -> 3 | EH4: =DT4+DX4+EB4+EF4 -> 15 | EI4: 3 | EJ4: 1 | EK4: =IF(AND(EI4="",EJ4=""),0,IF(AND(EI4=$EK$2,EJ4=$EL$2),5,IF(AND(SIGN(EI4-EJ4)=SIGN($EK$2-$EL$2),OR(EI4=$EK$2,EJ4=$EL$2)),4,IF(SIGN(EI4-EJ4)=SIGN($EK$2-$EL$2),3,IF(OR(EI4=$EK$2,EJ4=$EL$2),1,0))))) -> 4 | EM4: 4 | EN4: 1 | EO4: =IF(AND(EM4="",EN4=""),0,IF(AND(EM4=$EO$2,EN4=$EP$2),5,IF(AND(SIGN(EM4-EN4)=SIGN($EO$2-$EP$2),OR(EM4=$EO$2,EN4=$EP$2)),4,IF(SIGN(EM4-EN4)=SIGN($EO$2-$EP$2),3,IF(OR(EM4=$EO$2,EN4=$EP$2),1,0))))) -> 4 | EQ4: 3 | ER4: 0 | ES4: =IF(AND(EQ4="",ER4=""),0,IF(AND(EQ4=$ES$2,ER4=$ET$2),5,IF(AND(SIGN(EQ4-ER4)=SIGN($ES$2-$ET$2),OR(EQ4=$ES$2,ER4=$ET$2)),4,IF(SIGN(EQ4-ER4)=SIGN($ES$2-$ET$2),3,IF(OR(EQ4=$ES$2,ER4=$ET$2),1,0))))) -> 1 | EU4: 0 | EV4: 2 | EW4: =IF(AND(EU4="",EV4=""),0,IF(AND(EU4=$EW$2,EV4=$EX$2),5,IF(AND(SIGN(EU4-EV4)=SIGN($EW$2-$EX$2),OR(EU4=$EW$2,EV4=$EX$2)),4,IF(SIGN(EU4-EV4)=SIGN($EW$2-$EX$2),3,IF(OR(EU4=$EW$2,EV4=$EX$2),1,0))))) -> 4 | EY4: =EK4+EO4+ES4+EW4 -> 13 | EZ4: 3 | FA4: 0 | FD4: 3 | FE4: 0 | FH4: 2 | FI4: 0 | FL4: 0 | FM4: 2 | FP4: =FB4+FF4+FJ4+FN4 -> 0 | FS4: =IF(AND(FQ4="",FR4=""),0,IF(AND(FQ4=$FS$2,FR4=$FT$2),5,IF(AND(SIGN(FQ4-FR4)=SIGN($FS$2-$FT$2),OR(FQ4=$FS$2,FR4=$FT$2)),4,IF(SIGN(FQ4-FR4)=SIGN($FS$2-$FT$2),3,IF(OR(FQ4=$FS$2,FR4=$FT$2),1,0))))) -> 0 | FW4: =IF(AND(FU4="",FV4=""),0,IF(AND(FU4=$FW$2,FV4=$FX$2),5,IF(AND(SIGN(FU4-FV4)=SIGN($FW$2-$FX$2),OR(FU4=$FW$2,FV4=$FX$2)),4,IF(SIGN(FU4-FV4)=SIGN($FW$2-$FX$2),3,IF(OR(FU4=$FW$2,FV4=$FX$2),1,0))))) -> 0 | GA4: =IF(AND(FY4="",FZ4=""),0,IF(AND(FY4=$GA$2,FZ4=$GB$2),5,IF(AND(SIGN(FY4-FZ4)=SIGN($GA$2-$GB$2),OR(FY4=$GA$2,FZ4=$GB$2)),4,IF(SIGN(FY4-FZ4)=SIGN($GA$2-$GB$2),3,IF(OR(FY4=$GA$2,FZ4=$GB$2),1,0))))) -> 0 | GE4: =IF(AND(GC4="",GD4=""),0,IF(AND(GC4=$GE$2,GD4=$GF$2),5,IF(AND(SIGN(GC4-GD4)=SIGN($GE$2-$GF$2),OR(GC4=$GE$2,GD4=$GF$2)),4,IF(SIGN(GC4-GD4)=SIGN($GE$2-$GF$2),3,IF(OR(GC4=$GE$2,GD4=$GF$2),1,0))))) -> 0 | GG4: =FS4+FW4+GA4+GE4 -> 0 | GJ4: =IF(AND(GH4="",GI4=""),0,IF(AND(GH4=$GJ$2,GI4=$GK$2),5,IF(AND(SIGN(GH4-GI4)=SIGN($GJ$2-$GK$2),OR(GH4=$GJ$2,GI4=$GK$2)),4,IF(SIGN(GH4-GI4)=SIGN($GJ$2-$GK$2),3,IF(OR(GH4=$GJ$2,GI4=$GK$2),1,0))))) -> 0 | GN4: =IF(AND(GL4="",GM4=""),0,IF(AND(GL4=$GN$2,GM4=$GO$2),5,IF(AND(SIGN(GL4-GM4)=SIGN($GN$2-$GO$2),OR(GL4=$GN$2,GM4=$GO$2)),4,IF(SIGN(GL4-GM4)=SIGN($GN$2-$GO$2),3,IF(OR(GL4=$GN$2,GM4=$GO$2),1,0))))) -> 0 | GR4: =IF(AND(GP4="",GQ4=""),0,IF(AND(GP4=$GR$2,GQ4=$GS$2),5,IF(AND(SIGN(GP4-GQ4)=SIGN($GR$2-$GS$2),OR(GP4=$GR$2,GQ4=$GS$2)),4,IF(SIGN(GP4-GQ4)=SIGN($GR$2-$GS$2),3,IF(OR(GP4=$GR$2,GQ4=$GS$2),1,0))))) -> 0 | GV4: =IF(AND(GT4="",GU4=""),0,IF(AND(GT4=$GV$2,GU4=$GW$2),5,IF(AND(SIGN(GT4-GU4)=SIGN($GV$2-$GW$2),OR(GT4=$GV$2,GU4=$GW$2)),4,IF(SIGN(GT4-GU4)=SIGN($GV$2-$GW$2),3,IF(OR(GT4=$GV$2,GU4=$GW$2),1,0))))) -> 0 | GX4: =GJ4+GN4+GR4+GV4 -> 0 | HA4: =IF(AND(GY4="",GZ4=""),0,IF(AND(GY4=$HA$2,GZ4=$HB$2),5,IF(AND(SIGN(GY4-GZ4)=SIGN($HA$2-$HB$2),OR(GY4=$HA$2,GZ4=$HB$2)),4,IF(SIGN(GY4-GZ4)=SIGN($HA$2-$HB$2),3,IF(OR(GY4=$HA$2,GZ4=$HB$2),1,0))))) -> 0 | HE4: =IF(AND(HC4="",HD4=""),0,IF(AND(HC4=$HE$2,HD4=$HF$2),5,IF(AND(SIGN(HC4-HD4)=SIGN($HE$2-$HF$2),OR(HC4=$HE$2,HD4=$HF$2)),4,IF(SIGN(HC4-HD4)=SIGN($HE$2-$HF$2),3,IF(OR(HC4=$HE$2,HD4=$HF$2),1,0))))) -> 0 | HI4: =IF(AND(HG4="",HH4=""),0,IF(AND(HG4=$HI$2,HH4=$HJ$2),5,IF(AND(SIGN(HG4-HH4)=SIGN($HI$2-$HJ$2),OR(HG4=$HI$2,HH4=$HJ$2)),4,IF(SIGN(HG4-HH4)=SIGN($HI$2-$HJ$2),3,IF(OR(HG4=$HI$2,HH4=$HJ$2),1,0))))) -> 0 | HM4: =IF(AND(HK4="",HL4=""),0,IF(AND(HK4=$HM$2,HL4=$HN$2),5,IF(AND(SIGN(HK4-HL4)=SIGN($HM$2-$HN$2),OR(HK4=$HM$2,HL4=$HN$2)),4,IF(SIGN(HK4-HL4)=SIGN($HM$2-$HN$2),3,IF(OR(HK4=$HM$2,HL4=$HN$2),1,0))))) -> 0 | HQ4: =IF(AND(HO4="",HP4=""),0,IF(AND(HO4=$HQ$2,HP4=$HR$2),5,IF(AND(SIGN(HO4-HP4)=SIGN($HQ$2-$HR$2),OR(HO4=$HQ$2,HP4=$HR$2)),4,IF(SIGN(HO4-HP4)=SIGN($HQ$2-$HR$2),3,IF(OR(HO4=$HQ$2,HP4=$HR$2),1,0))))) -> 0 | HU4: =IF(AND(HS4="",HT4=""),0,IF(AND(HS4=$HU$2,HT4=$HV$2),5,IF(AND(SIGN(HS4-HT4)=SIGN($HU$2-$HV$2),OR(HS4=$HU$2,HT4=$HV$2)),4,IF(SIGN(HS4-HT4)=SIGN($HU$2-$HV$2),3,IF(OR(HS4=$HU$2,HT4=$HV$2),1,0))))) -> 0 | HW4: =HI4+HM4+HQ4+HU4+HE4+HA4 -> 0 | HZ4: =IF(AND(HX4="",HY4=""),0,IF(AND(HX4=$HZ$2,HY4=$IA$2),5,IF(AND(SIGN(HX4-HY4)=SIGN($HZ$2-$IA$2),OR(HX4=$HZ$2,HY4=$IA$2)),4,IF(SIGN(HX4-HY4)=SIGN($HZ$2-$IA$2),3,IF(OR(HX4=$HZ$2,HY4=$IA$2),1,0))))) -> 0 | ID4: =IF(AND(IB4="",IC4=""),0,IF(AND(IB4=$ID$2,IC4=$IE$2),5,IF(AND(SIGN(IB4-IC4)=SIGN($ID$2-$IE$2),OR(IB4=$ID$2,IC4=$IE$2)),4,IF(SIGN(IB4-IC4)=SIGN($ID$2-$IE$2),3,IF(OR(IB4=$ID$2,IC4=$IE$2),1,0))))) -> 0 | IH4: =IF(AND(IF4="",IG4=""),0,IF(AND(IF4=$IH$2,IG4=$II$2),5,IF(AND(SIGN(IF4-IG4)=SIGN($IH$2-$II$2),OR(IF4=$IH$2,IG4=$II$2)),4,IF(SIGN(IF4-IG4)=SIGN($IH$2-$II$2),3,IF(OR(IF4=$IH$2,IG4=$II$2),1,0))))) -> 0 | IL4: =IF(AND(IJ4="",IK4=""),0,IF(AND(IJ4=$IL$2,IK4=$IM$2),5,IF(AND(SIGN(IJ4-IK4)=SIGN($IL$2-$IM$2),OR(IJ4=$IL$2,IK4=$IM$2)),4,IF(SIGN(IJ4-IK4)=SIGN($IL$2-$IM$2),3,IF(OR(IJ4=$IL$2,IK4=$IM$2),1,0))))) -> 0 | IP4: =IF(AND(IN4="",IO4=""),0,IF(AND(IN4=$IP$2,IO4=$IQ$2),5,IF(AND(SIGN(IN4-IO4)=SIGN($IP$2-$IQ$2),OR(IN4=$IP$2,IO4=$IQ$2)),4,IF(SIGN(IN4-IO4)=SIGN($IP$2-$IQ$2),3,IF(OR(IN4=$IP$2,IO4=$IQ$2),1,0))))) -> 0 | IT4: =IF(AND(IR4="",IS4=""),0,IF(AND(IR4=$IT$2,IS4=$IU$2),5,IF(AND(SIGN(IR4-IS4)=SIGN($IT$2-$IU$2),OR(IR4=$IT$2,IS4=$IU$2)),4,IF(SIGN(IR4-IS4)=SIGN($IT$2-$IU$2),3,IF(OR(IR4=$IT$2,IS4=$IU$2),1,0))))) -> 0 | IV4: =IH4+IL4+IP4+IT4+ID4+HZ4 -> 0 | IY4: =IF(AND(IW4="",IX4=""),0,IF(AND(IW4=$IY$2,IX4=$IZ$2),5,IF(AND(SIGN(IW4-IX4)=SIGN($IY$2-$IZ$2),OR(IW4=$IY$2,IX4=$IZ$2)),4,IF(SIGN(IW4-IX4)=SIGN($IY$2-$IZ$2),3,IF(OR(IW4=$IY$2,IX4=$IZ$2),1,0))))) -> 0 | JC4: =IF(AND(JA4="",JB4=""),0,IF(AND(JA4=$JC$2,JB4=$JD$2),5,IF(AND(SIGN(JA4-JB4)=SIGN($JC$2-$JD$2),OR(JA4=$JC$2,JB4=$JD$2)),4,IF(SIGN(JA4-JB4)=SIGN($JC$2-$JD$2),3,IF(OR(JA4=$JC$2,JB4=$JD$2),1,0))))) -> 0 | JG4: =IF(AND(JE4="",JF4=""),0,IF(AND(JE4=$JG$2,JF4=$JH$2),5,IF(AND(SIGN(JE4-JF4)=SIGN($JG$2-$JH$2),OR(JE4=$JG$2,JF4=$JH$2)),4,IF(SIGN(JE4-JF4)=SIGN($JG$2-$JH$2),3,IF(OR(JE4=$JG$2,JF4=$JH$2),1,0))))) -> 0 | JK4: =IF(AND(JI4="",JJ4=""),0,IF(AND(JI4=$JK$2,JJ4=$JL$2),5,IF(AND(SIGN(JI4-JJ4)=SIGN($JK$2-$JL$2),OR(JI4=$JK$2,JJ4=$JL$2)),4,IF(SIGN(JI4-JJ4)=SIGN($JK$2-$JL$2),3,IF(OR(JI4=$JK$2,JJ4=$JL$2),1,0))))) -> 0 | JO4: =IF(AND(JM4="",JN4=""),0,IF(AND(JM4=$JO$2,JN4=$JP$2),5,IF(AND(SIGN(JM4-JN4)=SIGN($JO$2-$JP$2),OR(JM4=$JO$2,JN4=$JP$2)),4,IF(SIGN(JM4-JN4)=SIGN($JO$2-$JP$2),3,IF(OR(JM4=$JO$2,JN4=$JP$2),1,0))))) -> 0 | JS4: =IF(AND(JQ4="",JR4=""),0,IF(AND(JQ4=$JS$2,JR4=$JT$2),5,IF(AND(SIGN(JQ4-JR4)=SIGN($JS$2-$JT$2),OR(JQ4=$JS$2,JR4=$JT$2)),4,IF(SIGN(JQ4-JR4)=SIGN($JS$2-$JT$2),3,IF(OR(JQ4=$JS$2,JR4=$JT$2),1,0))))) -> 0 | JU4: =JG4+JK4+JO4+JS4+JC4+IY4 -> 0 | JX4: =IF(AND(JV4="",JW4=""),0,IF(AND(JV4=$JX$2,JW4=$JY$2),5,IF(AND(SIGN(JV4-JW4)=SIGN($JX$2-$JY$2),OR(JV4=$JX$2,JW4=$JY$2)),4,IF(SIGN(JV4-JW4)=SIGN($JX$2-$JY$2),3,IF(OR(JV4=$JX$2,JW4=$JY$2),1,0))))) -> 0 | KB4: =IF(AND(JZ4="",KA4=""),0,IF(AND(JZ4=$KB$2,KA4=$KC$2),5,IF(AND(SIGN(JZ4-KA4)=SIGN($KB$2-$KC$2),OR(JZ4=$KB$2,KA4=$KC$2)),4,IF(SIGN(JZ4-KA4)=SIGN($KB$2-$KC$2),3,IF(OR(JZ4=$KB$2,KA4=$KC$2),1,0))))) -> 0 | KF4: =IF(AND(KD4="",KE4=""),0,IF(AND(KD4=$KF$2,KE4=$KG$2),5,IF(AND(SIGN(KD4-KE4)=SIGN($KF$2-$KG$2),OR(KD4=$KF$2,KE4=$KG$2)),4,IF(SIGN(KD4-KE4)=SIGN($KF$2-$KG$2),3,IF(OR(KD4=$KF$2,KE4=$KG$2),1,0))))) -> 0 | KJ4: =IF(AND(KH4="",KI4=""),0,IF(AND(KH4=$KJ$2,KI4=$KK$2),5,IF(AND(SIGN(KH4-KI4)=SIGN($KJ$2-$KK$2),OR(KH4=$KJ$2,KI4=$KK$2)),4,IF(SIGN(KH4-KI4)=SIGN($KJ$2-$KK$2),3,IF(OR(KH4=$KJ$2,KI4=$KK$2),1,0))))) -> 0 | KN4: =IF(AND(KL4="",KM4=""),0,IF(AND(KL4=$KN$2,KM4=$KO$2),5,IF(AND(SIGN(KL4-KM4)=SIGN($KN$2-$KO$2),OR(KL4=$KN$2,KM4=$KO$2)),4,IF(SIGN(KL4-KM4)=SIGN($KN$2-$KO$2),3,IF(OR(KL4=$KN$2,KM4=$KO$2),1,0))))) -> 0 | KR4: =IF(AND(KP4="",KQ4=""),0,IF(AND(KP4=$KR$2,KQ4=$KS$2),5,IF(AND(SIGN(KP4-KQ4)=SIGN($KR$2-$KS$2),OR(KP4=$KR$2,KQ4=$KS$2)),4,IF(SIGN(KP4-KQ4)=SIGN($KR$2-$KS$2),3,IF(OR(KP4=$KR$2,KQ4=$KS$2),1,0))))) -> 0 | KT4: =KF4+KJ4+KN4+KR4+KB4+JX4 -> 0 | KW4: =IF(AND(KU4="",KV4=""),0,IF(AND(KU4=$KW$2,KV4=$KX$2),5,IF(AND(SIGN(KU4-KV4)=SIGN($KW$2-$KX$2),OR(KU4=$KW$2,KV4=$KX$2)),4,IF(SIGN(KU4-KV4)=SIGN($KW$2-$KX$2),3,IF(OR(KU4=$KW$2,KV4=$KX$2),1,0))))) -> 0 | KY4: =KW4 -> 0 | LB4: =IF(AND(KZ4="",LA4=""),0,IF(AND(KZ4=$LB$2,LA4=$LC$2),5,IF(AND(SIGN(KZ4-LA4)=SIGN($LB$2-$LC$2),OR(KZ4=$LB$2,LA4=$LC$2)),4,IF(SIGN(KZ4-LA4)=SIGN($LB$2-$LC$2),3,IF(OR(KZ4=$LB$2,LA4=$LC$2),1,0))))) -> 0 | LF4: =IF(AND(LD4="",LE4=""),0,IF(AND(LD4=$LF$2,LE4=$LG$2),5,IF(AND(SIGN(LD4-LE4)=SIGN($LF$2-$LG$2),OR(LD4=$LF$2,LE4=$LG$2)),4,IF(SIGN(LD4-LE4)=SIGN($LF$2-$LG$2),3,IF(OR(LD4=$LF$2,LE4=$LG$2),1,0))))) -> 0 | LJ4: =IF(AND(LH4="",LI4=""),0,IF(AND(LH4=$LJ$2,LI4=$LK$2),5,IF(AND(SIGN(LH4-LI4)=SIGN($LJ$2-$LK$2),OR(LH4=$LJ$2,LI4=$LK$2)),4,IF(SIGN(LH4-LI4)=SIGN($LJ$2-$LK$2),3,IF(OR(LH4=$LJ$2,LI4=$LK$2),1,0))))) -> 0 | LL4: =LB4+LF4+LJ4 -> 0 | LO4: =IF(AND(LM4="",LN4=""),0,IF(AND(LM4=$LO$2,LN4=$LP$2),5,IF(AND(SIGN(LM4-LN4)=SIGN($LO$2-$LP$2),OR(LM4=$LO$2,LN4=$LP$2)),4,IF(SIGN(LM4-LN4)=SIGN($LO$2-$LP$2),3,IF(OR(LM4=$LO$2,LN4=$LP$2),1,0))))) -> 0 | LS4: =IF(AND(LQ4="",LR4=""),0,IF(AND(LQ4=$LS$2,LR4=$LT$2),5,IF(AND(SIGN(LQ4-LR4)=SIGN($LS$2-$LT$2),OR(LQ4=$LS$2,LR4=$LT$2)),4,IF(SIGN(LQ4-LR4)=SIGN($LS$2-$LT$2),3,IF(OR(LQ4=$LS$2,LR4=$LT$2),1,0))))) -> 0 | LW4: =IF(AND(LU4="",LV4=""),0,IF(AND(LU4=$LW$2,LV4=$LX$2),5,IF(AND(SIGN(LU4-LV4)=SIGN($LW$2-$LX$2),OR(LU4=$LW$2,LV4=$LX$2)),4,IF(SIGN(LU4-LV4)=SIGN($LW$2-$LX$2),3,IF(OR(LU4=$LW$2,LV4=$LX$2),1,0))))) -> 0 | LY4: =LO4+LS4+LW4 -> 0 | MB4: =IF(AND(LZ4="",MA4=""),0,IF(AND(LZ4=$MB$2,MA4=$MC$2),5,IF(AND(SIGN(LZ4-MA4)=SIGN($MB$2-$MC$2),OR(LZ4=$MB$2,MA4=$MC$2)),4,IF(SIGN(LZ4-MA4)=SIGN($MB$2-$MC$2),3,IF(OR(LZ4=$MB$2,MA4=$MC$2),1,0))))) -> 0 | MF4: =IF(AND(MD4="",ME4=""),0,IF(AND(MD4=$MF$2,ME4=$MG$2),5,IF(AND(SIGN(MD4-ME4)=SIGN($MF$2-$MG$2),OR(MD4=$MF$2,ME4=$MG$2)),4,IF(SIGN(MD4-ME4)=SIGN($MF$2-$MG$2),3,IF(OR(MD4=$MF$2,ME4=$MG$2),1,0))))) -> 0 | MJ4: =IF(AND(MH4="",MI4=""),0,IF(AND(MH4=$MJ$2,MI4=$MK$2),5,IF(AND(SIGN(MH4-MI4)=SIGN($MJ$2-$MK$2),OR(MH4=$MJ$2,MI4=$MK$2)),4,IF(SIGN(MH4-MI4)=SIGN($MJ$2-$MK$2),3,IF(OR(MH4=$MJ$2,MI4=$MK$2),1,0))))) -> 0 | ML4: =MB4+MF4+MJ4 -> 0 | MO4: =IF(AND(MM4="",MN4=""),0,IF(AND(MM4=$MO$2,MN4=$MP$2),5,IF(AND(SIGN(MM4-MN4)=SIGN($MO$2-$MP$2),OR(MM4=$MO$2,MN4=$MP$2)),4,IF(SIGN(MM4-MN4)=SIGN($MO$2-$MP$2),3,IF(OR(MM4=$MO$2,MN4=$MP$2),1,0))))) -> 0 | MS4: =IF(AND(MQ4="",MR4=""),0,IF(AND(MQ4=$MS$2,MR4=$MT$2),5,IF(AND(SIGN(MQ4-MR4)=SIGN($MS$2-$MT$2),OR(MQ4=$MS$2,MR4=$MT$2)),4,IF(SIGN(MQ4-MR4)=SIGN($MS$2-$MT$2),3,IF(OR(MQ4=$MS$2,MR4=$MT$2),1,0))))) -> 0 | MW4: =IF(AND(MU4="",MV4=""),0,IF(AND(MU4=$MW$2,MV4=$MX$2),5,IF(AND(SIGN(MU4-MV4)=SIGN($MW$2-$MX$2),OR(MU4=$MW$2,MV4=$MX$2)),4,IF(SIGN(MU4-MV4)=SIGN($MW$2-$MX$2),3,IF(OR(MU4=$MW$2,MV4=$MX$2),1,0))))) -> 0 | MY4: =MO4+MS4+MW4 -> 0 | NB4: =IF(AND(MZ4="",NA4=""),0,IF(AND(MZ4=$NB$2,NA4=$NC$2),5,IF(AND(SIGN(MZ4-NA4)=SIGN($NB$2-$NC$2),OR(MZ4=$NB$2,NA4=$NC$2)),4,IF(SIGN(MZ4-NA4)=SIGN($NB$2-$NC$2),3,IF(OR(MZ4=$NB$2,NA4=$NC$2),1,0))))) -> 0 | NF4: =IF(AND(ND4="",NE4=""),0,IF(AND(ND4=$NF$2,NE4=$NG$2),5,IF(AND(SIGN(ND4-NE4)=SIGN($NF$2-$NG$2),OR(ND4=$NF$2,NE4=$NG$2)),4,IF(SIGN(ND4-NE4)=SIGN($NF$2-$NG$2),3,IF(OR(ND4=$NF$2,NE4=$NG$2),1,0))))) -> 0 | NJ4: =IF(AND(NH4="",NI4=""),0,IF(AND(NH4=$NJ$2,NI4=$NK$2),5,IF(AND(SIGN(NH4-NI4)=SIGN($NJ$2-$NK$2),OR(NH4=$NJ$2,NI4=$NK$2)),4,IF(SIGN(NH4-NI4)=SIGN($NJ$2-$NK$2),3,IF(OR(NH4=$NJ$2,NI4=$NK$2),1,0))))) -> 0 | NL4: =NB4+NF4+NJ4 -> 0 | NO4: =IF(AND(NM4="",NN4=""),0,IF(AND(NM4=$NO$2,NN4=$NP$2),5,IF(AND(SIGN(NM4-NN4)=SIGN($NO$2-$NP$2),OR(NM4=$NO$2,NN4=$NP$2)),4,IF(SIGN(NM4-NN4)=SIGN($NO$2-$NP$2),3,IF(OR(NM4=$NO$2,NN4=$NP$2),1,0))))) -> 0 | NS4: =IF(AND(NQ4="",NR4=""),0,IF(AND(NQ4=$NS$2,NR4=$NT$2),5,IF(AND(SIGN(NQ4-NR4)=SIGN($NS$2-$NT$2),OR(NQ4=$NS$2,NR4=$NT$2)),4,IF(SIGN(NQ4-NR4)=SIGN($NS$2-$NT$2),3,IF(OR(NQ4=$NS$2,NR4=$NT$2),1,0))))) -> 0 | NU4: =NO4+NS4 -> 0 | NX4: =IF(AND(NV4="",NW4=""),0,IF(AND(NV4=$NX$2,NW4=$NY$2),5,IF(AND(SIGN(NV4-NW4)=SIGN($NX$2-$NY$2),OR(NV4=$NX$2,NW4=$NY$2)),4,IF(SIGN(NV4-NW4)=SIGN($NX$2-$NY$2),3,IF(OR(NV4=$NX$2,NW4=$NY$2),1,0))))) -> 0 | OB4: =IF(AND(NZ4="",OA4=""),0,IF(AND(NZ4=$OB$2,OA4=$OC$2),5,IF(AND(SIGN(NZ4-OA4)=SIGN($OB$2-$OC$2),OR(NZ4=$OB$2,OA4=$OC$2)),4,IF(SIGN(NZ4-OA4)=SIGN($OB$2-$OC$2),3,IF(OR(NZ4=$OB$2,OA4=$OC$2),1,0))))) -> 0 | OD4: =NX4+OB4 -> 0 | OG4: =IF(AND(OE4="",OF4=""),0,IF(AND(OE4=$OG$2,OF4=$OH$2),5,IF(AND(SIGN(OE4-OF4)=SIGN($OG$2-$OH$2),OR(OE4=$OG$2,OF4=$OH$2)),4,IF(SIGN(OE4-OF4)=SIGN($OG$2-$OH$2),3,IF(OR(OE4=$OG$2,OF4=$OH$2),1,0))))) -> 0 | OK4: =IF(AND(OI4="",OJ4=""),0,IF(AND(OI4=$OK$2,OJ4=$OL$2),5,IF(AND(SIGN(OI4-OJ4)=SIGN($OK$2-$OL$2),OR(OI4=$OK$2,OJ4=$OL$2)),4,IF(SIGN(OI4-OJ4)=SIGN($OK$2-$OL$2),3,IF(OR(OI4=$OK$2,OJ4=$OL$2),1,0))))) -> 0 | OM4: =OG4+OK4 -> 0 | OP4: =IF(AND(ON4="",OO4=""),0,IF(AND(ON4=$OP$2,OO4=$OQ$2),5,IF(AND(SIGN(ON4-OO4)=SIGN($OP$2-$OQ$2),OR(ON4=$OP$2,OO4=$OQ$2)),4,IF(SIGN(ON4-OO4)=SIGN($OP$2-$OQ$2),3,IF(OR(ON4=$OP$2,OO4=$OQ$2),1,0))))) -> 0 | OT4: =IF(AND(OR4="",OS4=""),0,IF(AND(OR4=$OT$2,OS4=$OU$2),5,IF(AND(SIGN(OR4-OS4)=SIGN($OT$2-$OU$2),OR(OR4=$OT$2,OS4=$OU$2)),4,IF(SIGN(OR4-OS4)=SIGN($OT$2-$OU$2),3,IF(OR(OR4=$OT$2,OS4=$OU$2),1,0))))) -> 0 | OV4: =OP4+OT4 -> 0 | OY4: =IF(AND(OW4="",OX4=""),0,IF(AND(OW4=$OY$2,OX4=$OZ$2),5,IF(AND(SIGN(OW4-OX4)=SIGN($OY$2-$OZ$2),OR(OW4=$OY$2,OX4=$OZ$2)),4,IF(SIGN(OW4-OX4)=SIGN($OY$2-$OZ$2),3,IF(OR(OW4=$OY$2,OX4=$OZ$2),1,0))))) -> 0 | PA4: =OY4 -> 0 | PD4: =IF(AND(PB4="",PC4=""),0,IF(AND(PB4=$PD$2,PC4=$PE$2),5,IF(AND(SIGN(PB4-PC4)=SIGN($PD$2-$PE$2),OR(PB4=$PD$2,PC4=$PE$2)),4,IF(SIGN(PB4-PC4)=SIGN($PD$2-$PE$2),3,IF(OR(PB4=$PD$2,PC4=$PE$2),1,0))))) -> 0 | PF4: =PD4 -> 0 | PI4: =IF(AND(PG4="",PH4=""),0,IF(AND(PG4=$PI$2,PH4=$PJ$2),5,IF(AND(SIGN(PG4-PH4)=SIGN($PI$2-$PJ$2),OR(PG4=$PI$2,PH4=$PJ$2)),4,IF(SIGN(PG4-PH4)=SIGN($PI$2-$PJ$2),3,IF(OR(PG4=$PI$2,PH4=$PJ$2),1,0))))) -> 0 | PM4: =IF(AND(PK4="",PL4=""),0,IF(AND(PK4=$PM$2,PL4=$PN$2),5,IF(AND(SIGN(PK4-PL4)=SIGN($PM$2-$PN$2),OR(PK4=$PM$2,PL4=$PN$2)),4,IF(SIGN(PK4-PL4)=SIGN($PM$2-$PN$2),3,IF(OR(PK4=$PM$2,PL4=$PN$2),1,0))))) -> 0 | PO4: =PI4+PM4 -> 0 | PR4: =IF(AND(PP4="",PQ4=""),0,IF(AND(PP4=$PR$2,PQ4=$PS$2),5,IF(AND(SIGN(PP4-PQ4)=SIGN($PR$2-$PS$2),OR(PP4=$PR$2,PQ4=$PS$2)),4,IF(SIGN(PP4-PQ4)=SIGN($PR$2-$PS$2),3,IF(OR(PP4=$PR$2,PQ4=$PS$2),1,0))))) -> 0 | PT4: =PR4 -> 0 | PW4: =IF(AND(PU4="",PV4=""),0,IF(AND(PU4=$PW$2,PV4=$PX$2),5,IF(AND(SIGN(PU4-PV4)=SIGN($PW$2-$PX$2),OR(PU4=$PW$2,PV4=$PX$2)),4,IF(SIGN(PU4-PV4)=SIGN($PW$2-$PX$2),3,IF(OR(PU4=$PW$2,PV4=$PX$2),1,0))))) -> 0 | PY4: =PW4 -> 0 | QB4: =IF(AND(PZ4="",QA4=""),0,IF(AND(PZ4=$QB$2,QA4=$QC$2),5,IF(AND(SIGN(PZ4-QA4)=SIGN($QB$2-$QC$2),OR(PZ4=$QB$2,QA4=$QC$2)),4,IF(SIGN(PZ4-QA4)=SIGN($QB$2-$QC$2),3,IF(OR(PZ4=$QB$2,QA4=$QC$2),1,0))))) -> 0 | QD4: =QB4 -> 0 | QG4: =IF(AND(QE4="",QF4=""),0,IF(AND(QE4=$QG$2,QF4=$QH$2),5,IF(AND(SIGN(QE4-QF4)=SIGN($QG$2-$QH$2),OR(QE4=$QG$2,QF4=$QH$2)),4,IF(SIGN(QE4-QF4)=SIGN($QG$2-$QH$2),3,IF(OR(QE4=$QG$2,QF4=$QH$2),1,0))))) -> 0 | QI4: =QG4 -> 0
A5: Sergio Echeverria | B5: 3 | C5: 1 | D5: =IF( AND(B5=$D$2, C5=$E$2), 5, IF( AND( SIGN(B5-C5)=SIGN($D$2-$E$2), OR(B5=$D$2, C5=$E$2) ), 4, IF( SIGN(B5-C5)=SIGN($D$2-$E$2), 3, IF( OR(B5=$D$2, C5=$E$2), 1, 0 ) ) )) -> 3 | F5: 3 | G5: 1 | H5: =IF( AND(F5=$H$2, G5=$I$2), 5, IF( AND( SIGN(F5-G5)=SIGN($H$2-$I$2), OR(F5=$H$2, G5=$I$2) ), 4, IF( SIGN(F5-G5)=SIGN($H$2-$I$2), 3, IF( OR(F5=$H$2, G5=$I$2), 1, 0 ) ) )) -> 4 | J5: =D5+H5 -> 7 | K5: 2 | L5: 0 | M5: =IF(AND(K5="",L5=""),0,IF(AND(K5=$M$2,L5=$N$2),5,IF(AND(SIGN(K5-L5)=SIGN($M$2-$N$2),OR(K5=$M$2,L5=$N$2)),4,IF(SIGN(K5-L5)=SIGN($M$2-$N$2),3,IF(OR(K5=$M$2,L5=$N$2),1,0))))) -> 0 | O5: 1 | P5: 2 | Q5: =IF(AND(O5="",P5=""),0,IF(AND(O5=$Q$2,P5=$R$2),5,IF(AND(SIGN(O5-P5)=SIGN($Q$2-$R$2),OR(O5=$Q$2,P5=$R$2)),4,IF(SIGN(O5-P5)=SIGN($Q$2-$R$2),3,IF(OR(O5=$Q$2,P5=$R$2),1,0))))) -> 0 | S5: =M5+Q5 -> 0 | T5: 0 | U5: 2 | V5: =IF(AND(T5="",U5=""),0,IF(AND(T5=$V$2,U5=$W$2),5,IF(AND(SIGN(T5-U5)=SIGN($V$2-$W$2),OR(T5=$V$2,U5=$W$2)),4,IF(SIGN(T5-U5)=SIGN($V$2-$W$2),3,IF(OR(T5=$V$2,U5=$W$2),1,0))))) -> 0 | X5: 3 | Y5: 1 | Z5: =IF(AND(X5="",Y5=""),0,IF(AND(X5=$Z$2,Y5=$AA$2),5,IF(AND(SIGN(X5-Y5)=SIGN($Z$2-$AA$2),OR(X5=$Z$2,Y5=$AA$2)),4,IF(SIGN(X5-Y5)=SIGN($Z$2-$AA$2),3,IF(OR(X5=$Z$2,Y5=$AA$2),1,0))))) -> 1 | AB5: 0 | AC5: 2 | AD5: =IF(AND(AB5="",AC5=""),0,IF(AND(AB5=$AD$2,AC5=$AE$2),5,IF(AND(SIGN(AB5-AC5)=SIGN($AD$2-$AE$2),OR(AB5=$AD$2,AC5=$AE$2)),4,IF(SIGN(AB5-AC5)=SIGN($AD$2-$AE$2),3,IF(OR(AB5=$AD$2,AC5=$AE$2),1,0))))) -> 4 | AF5: 0 | AG5: 2 | AH5: =IF(AND(AF5="",AG5=""),0,IF(AND(AF5=$AH$2,AG5=$AI$2),5,IF(AND(SIGN(AF5-AG5)=SIGN($AH$2-$AI$2),OR(AF5=$AH$2,AG5=$AI$2)),4,IF(SIGN(AF5-AG5)=SIGN($AH$2-$AI$2),3,IF(OR(AF5=$AH$2,AG5=$AI$2),1,0))))) -> 0 | AJ5: =V5+Z5+AD5+AH5 -> 5 | AK5: 6 | AL5: 0 | AM5: =IF(AND(AK5="",AL5=""),0,IF(AND(AK5=$AM$2,AL5=$AN$2),5,IF(AND(SIGN(AK5-AL5)=SIGN($AM$2-$AN$2),OR(AK5=$AM$2,AL5=$AN$2)),4,IF(SIGN(AK5-AL5)=SIGN($AM$2-$AN$2),3,IF(OR(AK5=$AM$2,AL5=$AN$2),1,0))))) -> 3 | AO5: 2 | AP5: 2 | AQ5: =IF(AND(AO5="",AP5=""),0,IF(AND(AO5=$AQ$2,AP5=$AR$2),5,IF(AND(SIGN(AO5-AP5)=SIGN($AQ$2-$AR$2),OR(AO5=$AQ$2,AP5=$AR$2)),4,IF(SIGN(AO5-AP5)=SIGN($AQ$2-$AR$2),3,IF(OR(AO5=$AQ$2,AP5=$AR$2),1,0))))) -> 5 | AS5: 2 | AT5: 1 | AU5: =IF(AND(AS5="",AT5=""),0,IF(AND(AS5=$AU$2,AT5=$AV$2),5,IF(AND(SIGN(AS5-AT5)=SIGN($AU$2-$AV$2),OR(AS5=$AU$2,AT5=$AV$2)),4,IF(SIGN(AS5-AT5)=SIGN($AU$2-$AV$2),3,IF(OR(AS5=$AU$2,AT5=$AV$2),1,0))))) -> 3 | AW5: 3 | AX5: 0 | AY5: =IF(AND(AW5="",AX5=""),0,IF(AND(AW5=$AY$2,AX5=$AZ$2),5,IF(AND(SIGN(AW5-AX5)=SIGN($AY$2-$AZ$2),OR(AW5=$AY$2,AX5=$AZ$2)),4,IF(SIGN(AW5-AX5)=SIGN($AY$2-$AZ$2),3,IF(OR(AW5=$AY$2,AX5=$AZ$2),1,0))))) -> 3 | BA5: =AM5+AQ5+AU5+AY5 -> 14 | BB5: 5 | BC5: 0 | BD5: =IF(AND(BB5="",BC5=""),0,IF(AND(BB5=$BD$2,BC5=$BE$2),5,IF(AND(SIGN(BB5-BC5)=SIGN($BD$2-$BE$2),OR(BB5=$BD$2,BC5=$BE$2)),4,IF(SIGN(BB5-BC5)=SIGN($BD$2-$BE$2),3,IF(OR(BB5=$BD$2,BC5=$BE$2),1,0))))) -> 1 | BF5: 2 | BG5: 1 | BH5: =IF(AND(BF5="",BG5=""),0,IF(AND(BF5=$BH$2,BG5=$BI$2),5,IF(AND(SIGN(BF5-BG5)=SIGN($BH$2-$BI$2),OR(BF5=$BH$2,BG5=$BI$2)),4,IF(SIGN(BF5-BG5)=SIGN($BH$2-$BI$2),3,IF(OR(BF5=$BH$2,BG5=$BI$2),1,0))))) -> 1 | BJ5: 0 | BK5: 2 | BL5: =IF(AND(BJ5="",BK5=""),0,IF(AND(BJ5=$BL$2,BK5=$BM$2),5,IF(AND(SIGN(BJ5-BK5)=SIGN($BL$2-$BM$2),OR(BJ5=$BL$2,BK5=$BM$2)),4,IF(SIGN(BJ5-BK5)=SIGN($BL$2-$BM$2),3,IF(OR(BJ5=$BL$2,BK5=$BM$2),1,0))))) -> 0 | BN5: 0 | BO5: 3 | BP5: =IF(AND(BN5="",BO5=""),0,IF(AND(BN5=$BP$2,BO5=$BQ$2),5,IF(AND(SIGN(BN5-BO5)=SIGN($BP$2-$BQ$2),OR(BN5=$BP$2,BO5=$BQ$2)),4,IF(SIGN(BN5-BO5)=SIGN($BP$2-$BQ$2),3,IF(OR(BN5=$BP$2,BO5=$BQ$2),1,0))))) -> 0 | BR5: =BD5+BH5+BL5+BP5 -> 2 | BS5: 4 | BT5: 0 | BU5: =IF(AND(BS5="",BT5=""),0,IF(AND(BS5=$BU$2,BT5=$BV$2),5,IF(AND(SIGN(BS5-BT5)=SIGN($BU$2-$BV$2),OR(BS5=$BU$2,BT5=$BV$2)),4,IF(SIGN(BS5-BT5)=SIGN($BU$2-$BV$2),3,IF(OR(BS5=$BU$2,BT5=$BV$2),1,0))))) -> 3 | BW5: 0 | BX5: 4 | BY5: =IF(AND(BW5="",BX5=""),0,IF(AND(BW5=$BY$2,BX5=$BZ$2),5,IF(AND(SIGN(BW5-BX5)=SIGN($BY$2-$BZ$2),OR(BW5=$BY$2,BX5=$BZ$2)),4,IF(SIGN(BW5-BX5)=SIGN($BY$2-$BZ$2),3,IF(OR(BW5=$BY$2,BX5=$BZ$2),1,0))))) -> 4 | CA5: 5 | CB5: 0 | CC5: =IF(AND(CA5="",CB5=""),0,IF(AND(CA5=$CC$2,CB5=$CD$2),5,IF(AND(SIGN(CA5-CB5)=SIGN($CC$2-$CD$2),OR(CA5=$CC$2,CB5=$CD$2)),4,IF(SIGN(CA5-CB5)=SIGN($CC$2-$CD$2),3,IF(OR(CA5=$CC$2,CB5=$CD$2),1,0))))) -> 4 | CE5: 2 | CF5: 0 | CG5: =IF(AND(CE5="",CF5=""),0,IF(AND(CE5=$CG$2,CF5=$CH$2),5,IF(AND(SIGN(CE5-CF5)=SIGN($CG$2-$CH$2),OR(CE5=$CG$2,CF5=$CH$2)),4,IF(SIGN(CE5-CF5)=SIGN($CG$2-$CH$2),3,IF(OR(CE5=$CG$2,CF5=$CH$2),1,0))))) -> 3 | CI5: =BU5+BY5+CC5+CG5 -> 14 | CJ5: 3 | CK5: 0 | CL5: =IF(AND(CJ5="",CK5=""),0,IF(AND(CJ5=$CL$2,CK5=$CM$2),5,IF(AND(SIGN(CJ5-CK5)=SIGN($CL$2-$CM$2),OR(CJ5=$CL$2,CK5=$CM$2)),4,IF(SIGN(CJ5-CK5)=SIGN($CL$2-$CM$2),3,IF(OR(CJ5=$CL$2,CK5=$CM$2),1,0))))) -> 0 | CN5: 2 | CO5: 1 | CP5: =IF(AND(CN5="",CO5=""),0,IF(AND(CN5=$CP$2,CO5=$CQ$2),5,IF(AND(SIGN(CN5-CO5)=SIGN($CP$2-$CQ$2),OR(CN5=$CP$2,CO5=$CQ$2)),4,IF(SIGN(CN5-CO5)=SIGN($CP$2-$CQ$2),3,IF(OR(CN5=$CP$2,CO5=$CQ$2),1,0))))) -> 3 | CR5: 3 | CS5: 0 | CT5: =IF(AND(CR5="",CS5=""),0,IF(AND(CR5=$CT$2,CS5=$CU$2),5,IF(AND(SIGN(CR5-CS5)=SIGN($CT$2-$CU$2),OR(CR5=$CT$2,CS5=$CU$2)),4,IF(SIGN(CR5-CS5)=SIGN($CT$2-$CU$2),3,IF(OR(CR5=$CT$2,CS5=$CU$2),1,0))))) -> 4 | CV5: 0 | CW5: 4 | CX5: =IF(AND(CV5="",CW5=""),0,IF(AND(CV5=$CX$2,CW5=$CY$2),5,IF(AND(SIGN(CV5-CW5)=SIGN($CX$2-$CY$2),OR(CV5=$CX$2,CW5=$CY$2)),4,IF(SIGN(CV5-CW5)=SIGN($CX$2-$CY$2),3,IF(OR(CV5=$CX$2,CW5=$CY$2),1,0))))) -> 3 | CZ5: =CL5+CP5+CT5+CX5 -> 10 | DA5: 3 | DB5: 1 | DC5: =IF(AND(DA5="",DB5=""),0,IF(AND(DA5=$DC$2,DB5=$DD$2),5,IF(AND(SIGN(DA5-DB5)=SIGN($DC$2-$DD$2),OR(DA5=$DC$2,DB5=$DD$2)),4,IF(SIGN(DA5-DB5)=SIGN($DC$2-$DD$2),3,IF(OR(DA5=$DC$2,DB5=$DD$2),1,0))))) -> 1 | DE5: 2 | DF5: 0 | DG5: =IF(AND(DE5="",DF5=""),0,IF(AND(DE5=$DG$2,DF5=$DH$2),5,IF(AND(SIGN(DE5-DF5)=SIGN($DG$2-$DH$2),OR(DE5=$DG$2,DF5=$DH$2)),4,IF(SIGN(DE5-DF5)=SIGN($DG$2-$DH$2),3,IF(OR(DE5=$DG$2,DF5=$DH$2),1,0))))) -> 3 | DI5: 2 | DJ5: 1 | DK5: =IF(AND(DI5="",DJ5=""),0,IF(AND(DI5=$DK$2,DJ5=$DL$2),5,IF(AND(SIGN(DI5-DJ5)=SIGN($DK$2-$DL$2),OR(DI5=$DK$2,DJ5=$DL$2)),4,IF(SIGN(DI5-DJ5)=SIGN($DK$2-$DL$2),3,IF(OR(DI5=$DK$2,DJ5=$DL$2),1,0))))) -> 3 | DM5: 1 | DN5: 2 | DO5: =IF(AND(DM5="",DN5=""),0,IF(AND(DM5=$DO$2,DN5=$DP$2),5,IF(AND(SIGN(DM5-DN5)=SIGN($DO$2-$DP$2),OR(DM5=$DO$2,DN5=$DP$2)),4,IF(SIGN(DM5-DN5)=SIGN($DO$2-$DP$2),3,IF(OR(DM5=$DO$2,DN5=$DP$2),1,0))))) -> 1 | DQ5: =DC5+DG5+DK5+DO5 -> 8 | DR5: 5 | DS5: 0 | DT5: =IF(AND(DR5="",DS5=""),0,IF(AND(DR5=$DT$2,DS5=$DU$2),5,IF(AND(SIGN(DR5-DS5)=SIGN($DT$2-$DU$2),OR(DR5=$DT$2,DS5=$DU$2)),4,IF(SIGN(DR5-DS5)=SIGN($DT$2-$DU$2),3,IF(OR(DR5=$DT$2,DS5=$DU$2),1,0))))) -> 4 | DV5: 2 | DW5: 0 | DX5: =IF(AND(DV5="",DW5=""),0,IF(AND(DV5=$DX$2,DW5=$DY$2),5,IF(AND(SIGN(DV5-DW5)=SIGN($DX$2-$DY$2),OR(DV5=$DX$2,DW5=$DY$2)),4,IF(SIGN(DV5-DW5)=SIGN($DX$2-$DY$2),3,IF(OR(DV5=$DX$2,DW5=$DY$2),1,0))))) -> 0 | DZ5: 6 | EA5: 0 | EB5: =IF(AND(DZ5="",EA5=""),0,IF(AND(DZ5=$EB$2,EA5=$EC$2),5,IF(AND(SIGN(DZ5-EA5)=SIGN($EB$2-$EC$2),OR(DZ5=$EB$2,EA5=$EC$2)),4,IF(SIGN(DZ5-EA5)=SIGN($EB$2-$EC$2),3,IF(OR(DZ5=$EB$2,EA5=$EC$2),1,0))))) -> 4 | ED5: 0 | EE5: 2 | EF5: =IF(AND(ED5="",EE5=""),0,IF(AND(ED5=$EF$2,EE5=$EG$2),5,IF(AND(SIGN(ED5-EE5)=SIGN($EF$2-$EG$2),OR(ED5=$EF$2,EE5=$EG$2)),4,IF(SIGN(ED5-EE5)=SIGN($EF$2-$EG$2),3,IF(OR(ED5=$EF$2,EE5=$EG$2),1,0))))) -> 4 | EH5: =DT5+DX5+EB5+EF5 -> 12 | EI5: 2 | EJ5: 1 | EK5: =IF(AND(EI5="",EJ5=""),0,IF(AND(EI5=$EK$2,EJ5=$EL$2),5,IF(AND(SIGN(EI5-EJ5)=SIGN($EK$2-$EL$2),OR(EI5=$EK$2,EJ5=$EL$2)),4,IF(SIGN(EI5-EJ5)=SIGN($EK$2-$EL$2),3,IF(OR(EI5=$EK$2,EJ5=$EL$2),1,0))))) -> 4 | EM5: 3 | EN5: 0 | EO5: =IF(AND(EM5="",EN5=""),0,IF(AND(EM5=$EO$2,EN5=$EP$2),5,IF(AND(SIGN(EM5-EN5)=SIGN($EO$2-$EP$2),OR(EM5=$EO$2,EN5=$EP$2)),4,IF(SIGN(EM5-EN5)=SIGN($EO$2-$EP$2),3,IF(OR(EM5=$EO$2,EN5=$EP$2),1,0))))) -> 3 | EQ5: 2 | ER5: 0 | ES5: =IF(AND(EQ5="",ER5=""),0,IF(AND(EQ5=$ES$2,ER5=$ET$2),5,IF(AND(SIGN(EQ5-ER5)=SIGN($ES$2-$ET$2),OR(EQ5=$ES$2,ER5=$ET$2)),4,IF(SIGN(EQ5-ER5)=SIGN($ES$2-$ET$2),3,IF(OR(EQ5=$ES$2,ER5=$ET$2),1,0))))) -> 1 | EU5: 0 | EV5: 3 | EW5: =IF(AND(EU5="",EV5=""),0,IF(AND(EU5=$EW$2,EV5=$EX$2),5,IF(AND(SIGN(EU5-EV5)=SIGN($EW$2-$EX$2),OR(EU5=$EW$2,EV5=$EX$2)),4,IF(SIGN(EU5-EV5)=SIGN($EW$2-$EX$2),3,IF(OR(EU5=$EW$2,EV5=$EX$2),1,0))))) -> 4 | EY5: 6 | EZ5: 2 | FA5: 0 | FD5: 2 | FE5: 1 | FH5: 2 | FI5: 0 | FL5: 0 | FM5: 2 | FP5: =FB5+FF5+FJ5+FN5 -> 0 | FS5: =IF(AND(FQ5="",FR5=""),0,IF(AND(FQ5=$FS$2,FR5=$FT$2),5,IF(AND(SIGN(FQ5-FR5)=SIGN($FS$2-$FT$2),OR(FQ5=$FS$2,FR5=$FT$2)),4,IF(SIGN(FQ5-FR5)=SIGN($FS$2-$FT$2),3,IF(OR(FQ5=$FS$2,FR5=$FT$2),1,0))))) -> 0 | FW5: =IF(AND(FU5="",FV5=""),0,IF(AND(FU5=$FW$2,FV5=$FX$2),5,IF(AND(SIGN(FU5-FV5)=SIGN($FW$2-$FX$2),OR(FU5=$FW$2,FV5=$FX$2)),4,IF(SIGN(FU5-FV5)=SIGN($FW$2-$FX$2),3,IF(OR(FU5=$FW$2,FV5=$FX$2),1,0))))) -> 0 | GA5: =IF(AND(FY5="",FZ5=""),0,IF(AND(FY5=$GA$2,FZ5=$GB$2),5,IF(AND(SIGN(FY5-FZ5)=SIGN($GA$2-$GB$2),OR(FY5=$GA$2,FZ5=$GB$2)),4,IF(SIGN(FY5-FZ5)=SIGN($GA$2-$GB$2),3,IF(OR(FY5=$GA$2,FZ5=$GB$2),1,0))))) -> 0 | GE5: =IF(AND(GC5="",GD5=""),0,IF(AND(GC5=$GE$2,GD5=$GF$2),5,IF(AND(SIGN(GC5-GD5)=SIGN($GE$2-$GF$2),OR(GC5=$GE$2,GD5=$GF$2)),4,IF(SIGN(GC5-GD5)=SIGN($GE$2-$GF$2),3,IF(OR(GC5=$GE$2,GD5=$GF$2),1,0))))) -> 0 | GG5: =FS5+FW5+GA5+GE5 -> 0 | GJ5: =IF(AND(GH5="",GI5=""),0,IF(AND(GH5=$GJ$2,GI5=$GK$2),5,IF(AND(SIGN(GH5-GI5)=SIGN($GJ$2-$GK$2),OR(GH5=$GJ$2,GI5=$GK$2)),4,IF(SIGN(GH5-GI5)=SIGN($GJ$2-$GK$2),3,IF(OR(GH5=$GJ$2,GI5=$GK$2),1,0))))) -> 0 | GN5: =IF(AND(GL5="",GM5=""),0,IF(AND(GL5=$GN$2,GM5=$GO$2),5,IF(AND(SIGN(GL5-GM5)=SIGN($GN$2-$GO$2),OR(GL5=$GN$2,GM5=$GO$2)),4,IF(SIGN(GL5-GM5)=SIGN($GN$2-$GO$2),3,IF(OR(GL5=$GN$2,GM5=$GO$2),1,0))))) -> 0 | GR5: =IF(AND(GP5="",GQ5=""),0,IF(AND(GP5=$GR$2,GQ5=$GS$2),5,IF(AND(SIGN(GP5-GQ5)=SIGN($GR$2-$GS$2),OR(GP5=$GR$2,GQ5=$GS$2)),4,IF(SIGN(GP5-GQ5)=SIGN($GR$2-$GS$2),3,IF(OR(GP5=$GR$2,GQ5=$GS$2),1,0))))) -> 0 | GV5: =IF(AND(GT5="",GU5=""),0,IF(AND(GT5=$GV$2,GU5=$GW$2),5,IF(AND(SIGN(GT5-GU5)=SIGN($GV$2-$GW$2),OR(GT5=$GV$2,GU5=$GW$2)),4,IF(SIGN(GT5-GU5)=SIGN($GV$2-$GW$2),3,IF(OR(GT5=$GV$2,GU5=$GW$2),1,0))))) -> 0 | GX5: =GJ5+GN5+GR5+GV5 -> 0 | HA5: =IF(AND(GY5="",GZ5=""),0,IF(AND(GY5=$HA$2,GZ5=$HB$2),5,IF(AND(SIGN(GY5-GZ5)=SIGN($HA$2-$HB$2),OR(GY5=$HA$2,GZ5=$HB$2)),4,IF(SIGN(GY5-GZ5)=SIGN($HA$2-$HB$2),3,IF(OR(GY5=$HA$2,GZ5=$HB$2),1,0))))) -> 0 | HE5: =IF(AND(HC5="",HD5=""),0,IF(AND(HC5=$HE$2,HD5=$HF$2),5,IF(AND(SIGN(HC5-HD5)=SIGN($HE$2-$HF$2),OR(HC5=$HE$2,HD5=$HF$2)),4,IF(SIGN(HC5-HD5)=SIGN($HE$2-$HF$2),3,IF(OR(HC5=$HE$2,HD5=$HF$2),1,0))))) -> 0 | HI5: =IF(AND(HG5="",HH5=""),0,IF(AND(HG5=$HI$2,HH5=$HJ$2),5,IF(AND(SIGN(HG5-HH5)=SIGN($HI$2-$HJ$2),OR(HG5=$HI$2,HH5=$HJ$2)),4,IF(SIGN(HG5-HH5)=SIGN($HI$2-$HJ$2),3,IF(OR(HG5=$HI$2,HH5=$HJ$2),1,0))))) -> 0 | HM5: =IF(AND(HK5="",HL5=""),0,IF(AND(HK5=$HM$2,HL5=$HN$2),5,IF(AND(SIGN(HK5-HL5)=SIGN($HM$2-$HN$2),OR(HK5=$HM$2,HL5=$HN$2)),4,IF(SIGN(HK5-HL5)=SIGN($HM$2-$HN$2),3,IF(OR(HK5=$HM$2,HL5=$HN$2),1,0))))) -> 0 | HQ5: =IF(AND(HO5="",HP5=""),0,IF(AND(HO5=$HQ$2,HP5=$HR$2),5,IF(AND(SIGN(HO5-HP5)=SIGN($HQ$2-$HR$2),OR(HO5=$HQ$2,HP5=$HR$2)),4,IF(SIGN(HO5-HP5)=SIGN($HQ$2-$HR$2),3,IF(OR(HO5=$HQ$2,HP5=$HR$2),1,0))))) -> 0 | HU5: =IF(AND(HS5="",HT5=""),0,IF(AND(HS5=$HU$2,HT5=$HV$2),5,IF(AND(SIGN(HS5-HT5)=SIGN($HU$2-$HV$2),OR(HS5=$HU$2,HT5=$HV$2)),4,IF(SIGN(HS5-HT5)=SIGN($HU$2-$HV$2),3,IF(OR(HS5=$HU$2,HT5=$HV$2),1,0))))) -> 0 | HW5: =HI5+HM5+HQ5+HU5+HE5+HA5 -> 0 | HZ5: =IF(AND(HX5="",HY5=""),0,IF(AND(HX5=$HZ$2,HY5=$IA$2),5,IF(AND(SIGN(HX5-HY5)=SIGN($HZ$2-$IA$2),OR(HX5=$HZ$2,HY5=$IA$2)),4,IF(SIGN(HX5-HY5)=SIGN($HZ$2-$IA$2),3,IF(OR(HX5=$HZ$2,HY5=$IA$2),1,0))))) -> 0 | ID5: =IF(AND(IB5="",IC5=""),0,IF(AND(IB5=$ID$2,IC5=$IE$2),5,IF(AND(SIGN(IB5-IC5)=SIGN($ID$2-$IE$2),OR(IB5=$ID$2,IC5=$IE$2)),4,IF(SIGN(IB5-IC5)=SIGN($ID$2-$IE$2),3,IF(OR(IB5=$ID$2,IC5=$IE$2),1,0))))) -> 0 | IH5: =IF(AND(IF5="",IG5=""),0,IF(AND(IF5=$IH$2,IG5=$II$2),5,IF(AND(SIGN(IF5-IG5)=SIGN($IH$2-$II$2),OR(IF5=$IH$2,IG5=$II$2)),4,IF(SIGN(IF5-IG5)=SIGN($IH$2-$II$2),3,IF(OR(IF5=$IH$2,IG5=$II$2),1,0))))) -> 0 | IL5: =IF(AND(IJ5="",IK5=""),0,IF(AND(IJ5=$IL$2,IK5=$IM$2),5,IF(AND(SIGN(IJ5-IK5)=SIGN($IL$2-$IM$2),OR(IJ5=$IL$2,IK5=$IM$2)),4,IF(SIGN(IJ5-IK5)=SIGN($IL$2-$IM$2),3,IF(OR(IJ5=$IL$2,IK5=$IM$2),1,0))))) -> 0 | IP5: =IF(AND(IN5="",IO5=""),0,IF(AND(IN5=$IP$2,IO5=$IQ$2),5,IF(AND(SIGN(IN5-IO5)=SIGN($IP$2-$IQ$2),OR(IN5=$IP$2,IO5=$IQ$2)),4,IF(SIGN(IN5-IO5)=SIGN($IP$2-$IQ$2),3,IF(OR(IN5=$IP$2,IO5=$IQ$2),1,0))))) -> 0 | IT5: =IF(AND(IR5="",IS5=""),0,IF(AND(IR5=$IT$2,IS5=$IU$2),5,IF(AND(SIGN(IR5-IS5)=SIGN($IT$2-$IU$2),OR(IR5=$IT$2,IS5=$IU$2)),4,IF(SIGN(IR5-IS5)=SIGN($IT$2-$IU$2),3,IF(OR(IR5=$IT$2,IS5=$IU$2),1,0))))) -> 0 | IV5: =IH5+IL5+IP5+IT5+ID5+HZ5 -> 0 | IY5: =IF(AND(IW5="",IX5=""),0,IF(AND(IW5=$IY$2,IX5=$IZ$2),5,IF(AND(SIGN(IW5-IX5)=SIGN($IY$2-$IZ$2),OR(IW5=$IY$2,IX5=$IZ$2)),4,IF(SIGN(IW5-IX5)=SIGN($IY$2-$IZ$2),3,IF(OR(IW5=$IY$2,IX5=$IZ$2),1,0))))) -> 0 | JC5: =IF(AND(JA5="",JB5=""),0,IF(AND(JA5=$JC$2,JB5=$JD$2),5,IF(AND(SIGN(JA5-JB5)=SIGN($JC$2-$JD$2),OR(JA5=$JC$2,JB5=$JD$2)),4,IF(SIGN(JA5-JB5)=SIGN($JC$2-$JD$2),3,IF(OR(JA5=$JC$2,JB5=$JD$2),1,0))))) -> 0 | JG5: =IF(AND(JE5="",JF5=""),0,IF(AND(JE5=$JG$2,JF5=$JH$2),5,IF(AND(SIGN(JE5-JF5)=SIGN($JG$2-$JH$2),OR(JE5=$JG$2,JF5=$JH$2)),4,IF(SIGN(JE5-JF5)=SIGN($JG$2-$JH$2),3,IF(OR(JE5=$JG$2,JF5=$JH$2),1,0))))) -> 0 | JK5: =IF(AND(JI5="",JJ5=""),0,IF(AND(JI5=$JK$2,JJ5=$JL$2),5,IF(AND(SIGN(JI5-JJ5)=SIGN($JK$2-$JL$2),OR(JI5=$JK$2,JJ5=$JL$2)),4,IF(SIGN(JI5-JJ5)=SIGN($JK$2-$JL$2),3,IF(OR(JI5=$JK$2,JJ5=$JL$2),1,0))))) -> 0 | JO5: =IF(AND(JM5="",JN5=""),0,IF(AND(JM5=$JO$2,JN5=$JP$2),5,IF(AND(SIGN(JM5-JN5)=SIGN($JO$2-$JP$2),OR(JM5=$JO$2,JN5=$JP$2)),4,IF(SIGN(JM5-JN5)=SIGN($JO$2-$JP$2),3,IF(OR(JM5=$JO$2,JN5=$JP$2),1,0))))) -> 0 | JS5: =IF(AND(JQ5="",JR5=""),0,IF(AND(JQ5=$JS$2,JR5=$JT$2),5,IF(AND(SIGN(JQ5-JR5)=SIGN($JS$2-$JT$2),OR(JQ5=$JS$2,JR5=$JT$2)),4,IF(SIGN(JQ5-JR5)=SIGN($JS$2-$JT$2),3,IF(OR(JQ5=$JS$2,JR5=$JT$2),1,0))))) -> 0 | JU5: =JG5+JK5+JO5+JS5+JC5+IY5 -> 0 | JX5: =IF(AND(JV5="",JW5=""),0,IF(AND(JV5=$JX$2,JW5=$JY$2),5,IF(AND(SIGN(JV5-JW5)=SIGN($JX$2-$JY$2),OR(JV5=$JX$2,JW5=$JY$2)),4,IF(SIGN(JV5-JW5)=SIGN($JX$2-$JY$2),3,IF(OR(JV5=$JX$2,JW5=$JY$2),1,0))))) -> 0 | KB5: =IF(AND(JZ5="",KA5=""),0,IF(AND(JZ5=$KB$2,KA5=$KC$2),5,IF(AND(SIGN(JZ5-KA5)=SIGN($KB$2-$KC$2),OR(JZ5=$KB$2,KA5=$KC$2)),4,IF(SIGN(JZ5-KA5)=SIGN($KB$2-$KC$2),3,IF(OR(JZ5=$KB$2,KA5=$KC$2),1,0))))) -> 0 | KF5: =IF(AND(KD5="",KE5=""),0,IF(AND(KD5=$KF$2,KE5=$KG$2),5,IF(AND(SIGN(KD5-KE5)=SIGN($KF$2-$KG$2),OR(KD5=$KF$2,KE5=$KG$2)),4,IF(SIGN(KD5-KE5)=SIGN($KF$2-$KG$2),3,IF(OR(KD5=$KF$2,KE5=$KG$2),1,0))))) -> 0 | KJ5: =IF(AND(KH5="",KI5=""),0,IF(AND(KH5=$KJ$2,KI5=$KK$2),5,IF(AND(SIGN(KH5-KI5)=SIGN($KJ$2-$KK$2),OR(KH5=$KJ$2,KI5=$KK$2)),4,IF(SIGN(KH5-KI5)=SIGN($KJ$2-$KK$2),3,IF(OR(KH5=$KJ$2,KI5=$KK$2),1,0))))) -> 0 | KN5: =IF(AND(KL5="",KM5=""),0,IF(AND(KL5=$KN$2,KM5=$KO$2),5,IF(AND(SIGN(KL5-KM5)=SIGN($KN$2-$KO$2),OR(KL5=$KN$2,KM5=$KO$2)),4,IF(SIGN(KL5-KM5)=SIGN($KN$2-$KO$2),3,IF(OR(KL5=$KN$2,KM5=$KO$2),1,0))))) -> 0 | KR5: =IF(AND(KP5="",KQ5=""),0,IF(AND(KP5=$KR$2,KQ5=$KS$2),5,IF(AND(SIGN(KP5-KQ5)=SIGN($KR$2-$KS$2),OR(KP5=$KR$2,KQ5=$KS$2)),4,IF(SIGN(KP5-KQ5)=SIGN($KR$2-$KS$2),3,IF(OR(KP5=$KR$2,KQ5=$KS$2),1,0))))) -> 0 | KT5: =KF5+KJ5+KN5+KR5+KB5+JX5 -> 0 | KW5: =IF(AND(KU5="",KV5=""),0,IF(AND(KU5=$KW$2,KV5=$KX$2),5,IF(AND(SIGN(KU5-KV5)=SIGN($KW$2-$KX$2),OR(KU5=$KW$2,KV5=$KX$2)),4,IF(SIGN(KU5-KV5)=SIGN($KW$2-$KX$2),3,IF(OR(KU5=$KW$2,KV5=$KX$2),1,0))))) -> 0 | KY5: =KW5 -> 0 | LB5: =IF(AND(KZ5="",LA5=""),0,IF(AND(KZ5=$LB$2,LA5=$LC$2),5,IF(AND(SIGN(KZ5-LA5)=SIGN($LB$2-$LC$2),OR(KZ5=$LB$2,LA5=$LC$2)),4,IF(SIGN(KZ5-LA5)=SIGN($LB$2-$LC$2),3,IF(OR(KZ5=$LB$2,LA5=$LC$2),1,0))))) -> 0 | LF5: =IF(AND(LD5="",LE5=""),0,IF(AND(LD5=$LF$2,LE5=$LG$2),5,IF(AND(SIGN(LD5-LE5)=SIGN($LF$2-$LG$2),OR(LD5=$LF$2,LE5=$LG$2)),4,IF(SIGN(LD5-LE5)=SIGN($LF$2-$LG$2),3,IF(OR(LD5=$LF$2,LE5=$LG$2),1,0))))) -> 0 | LJ5: =IF(AND(LH5="",LI5=""),0,IF(AND(LH5=$LJ$2,LI5=$LK$2),5,IF(AND(SIGN(LH5-LI5)=SIGN($LJ$2-$LK$2),OR(LH5=$LJ$2,LI5=$LK$2)),4,IF(SIGN(LH5-LI5)=SIGN($LJ$2-$LK$2),3,IF(OR(LH5=$LJ$2,LI5=$LK$2),1,0))))) -> 0 | LL5: =LB5+LF5+LJ5 -> 0 | LO5: =IF(AND(LM5="",LN5=""),0,IF(AND(LM5=$LO$2,LN5=$LP$2),5,IF(AND(SIGN(LM5-LN5)=SIGN($LO$2-$LP$2),OR(LM5=$LO$2,LN5=$LP$2)),4,IF(SIGN(LM5-LN5)=SIGN($LO$2-$LP$2),3,IF(OR(LM5=$LO$2,LN5=$LP$2),1,0))))) -> 0 | LS5: =IF(AND(LQ5="",LR5=""),0,IF(AND(LQ5=$LS$2,LR5=$LT$2),5,IF(AND(SIGN(LQ5-LR5)=SIGN($LS$2-$LT$2),OR(LQ5=$LS$2,LR5=$LT$2)),4,IF(SIGN(LQ5-LR5)=SIGN($LS$2-$LT$2),3,IF(OR(LQ5=$LS$2,LR5=$LT$2),1,0))))) -> 0 | LW5: =IF(AND(LU5="",LV5=""),0,IF(AND(LU5=$LW$2,LV5=$LX$2),5,IF(AND(SIGN(LU5-LV5)=SIGN($LW$2-$LX$2),OR(LU5=$LW$2,LV5=$LX$2)),4,IF(SIGN(LU5-LV5)=SIGN($LW$2-$LX$2),3,IF(OR(LU5=$LW$2,LV5=$LX$2),1,0))))) -> 0 | LY5: =LO5+LS5+LW5 -> 0 | MB5: =IF(AND(LZ5="",MA5=""),0,IF(AND(LZ5=$MB$2,MA5=$MC$2),5,IF(AND(SIGN(LZ5-MA5)=SIGN($MB$2-$MC$2),OR(LZ5=$MB$2,MA5=$MC$2)),4,IF(SIGN(LZ5-MA5)=SIGN($MB$2-$MC$2),3,IF(OR(LZ5=$MB$2,MA5=$MC$2),1,0))))) -> 0 | MF5: =IF(AND(MD5="",ME5=""),0,IF(AND(MD5=$MF$2,ME5=$MG$2),5,IF(AND(SIGN(MD5-ME5)=SIGN($MF$2-$MG$2),OR(MD5=$MF$2,ME5=$MG$2)),4,IF(SIGN(MD5-ME5)=SIGN($MF$2-$MG$2),3,IF(OR(MD5=$MF$2,ME5=$MG$2),1,0))))) -> 0 | MJ5: =IF(AND(MH5="",MI5=""),0,IF(AND(MH5=$MJ$2,MI5=$MK$2),5,IF(AND(SIGN(MH5-MI5)=SIGN($MJ$2-$MK$2),OR(MH5=$MJ$2,MI5=$MK$2)),4,IF(SIGN(MH5-MI5)=SIGN($MJ$2-$MK$2),3,IF(OR(MH5=$MJ$2,MI5=$MK$2),1,0))))) -> 0 | ML5: =MB5+MF5+MJ5 -> 0 | MO5: =IF(AND(MM5="",MN5=""),0,IF(AND(MM5=$MO$2,MN5=$MP$2),5,IF(AND(SIGN(MM5-MN5)=SIGN($MO$2-$MP$2),OR(MM5=$MO$2,MN5=$MP$2)),4,IF(SIGN(MM5-MN5)=SIGN($MO$2-$MP$2),3,IF(OR(MM5=$MO$2,MN5=$MP$2),1,0))))) -> 0 | MS5: =IF(AND(MQ5="",MR5=""),0,IF(AND(MQ5=$MS$2,MR5=$MT$2),5,IF(AND(SIGN(MQ5-MR5)=SIGN($MS$2-$MT$2),OR(MQ5=$MS$2,MR5=$MT$2)),4,IF(SIGN(MQ5-MR5)=SIGN($MS$2-$MT$2),3,IF(OR(MQ5=$MS$2,MR5=$MT$2),1,0))))) -> 0 | MW5: =IF(AND(MU5="",MV5=""),0,IF(AND(MU5=$MW$2,MV5=$MX$2),5,IF(AND(SIGN(MU5-MV5)=SIGN($MW$2-$MX$2),OR(MU5=$MW$2,MV5=$MX$2)),4,IF(SIGN(MU5-MV5)=SIGN($MW$2-$MX$2),3,IF(OR(MU5=$MW$2,MV5=$MX$2),1,0))))) -> 0 | MY5: =MO5+MS5+MW5 -> 0 | NB5: =IF(AND(MZ5="",NA5=""),0,IF(AND(MZ5=$NB$2,NA5=$NC$2),5,IF(AND(SIGN(MZ5-NA5)=SIGN($NB$2-$NC$2),OR(MZ5=$NB$2,NA5=$NC$2)),4,IF(SIGN(MZ5-NA5)=SIGN($NB$2-$NC$2),3,IF(OR(MZ5=$NB$2,NA5=$NC$2),1,0))))) -> 0 | NF5: =IF(AND(ND5="",NE5=""),0,IF(AND(ND5=$NF$2,NE5=$NG$2),5,IF(AND(SIGN(ND5-NE5)=SIGN($NF$2-$NG$2),OR(ND5=$NF$2,NE5=$NG$2)),4,IF(SIGN(ND5-NE5)=SIGN($NF$2-$NG$2),3,IF(OR(ND5=$NF$2,NE5=$NG$2),1,0))))) -> 0 | NJ5: =IF(AND(NH5="",NI5=""),0,IF(AND(NH5=$NJ$2,NI5=$NK$2),5,IF(AND(SIGN(NH5-NI5)=SIGN($NJ$2-$NK$2),OR(NH5=$NJ$2,NI5=$NK$2)),4,IF(SIGN(NH5-NI5)=SIGN($NJ$2-$NK$2),3,IF(OR(NH5=$NJ$2,NI5=$NK$2),1,0))))) -> 0 | NL5: =NB5+NF5+NJ5 -> 0 | NO5: =IF(AND(NM5="",NN5=""),0,IF(AND(NM5=$NO$2,NN5=$NP$2),5,IF(AND(SIGN(NM5-NN5)=SIGN($NO$2-$NP$2),OR(NM5=$NO$2,NN5=$NP$2)),4,IF(SIGN(NM5-NN5)=SIGN($NO$2-$NP$2),3,IF(OR(NM5=$NO$2,NN5=$NP$2),1,0))))) -> 0 | NS5: =IF(AND(NQ5="",NR5=""),0,IF(AND(NQ5=$NS$2,NR5=$NT$2),5,IF(AND(SIGN(NQ5-NR5)=SIGN($NS$2-$NT$2),OR(NQ5=$NS$2,NR5=$NT$2)),4,IF(SIGN(NQ5-NR5)=SIGN($NS$2-$NT$2),3,IF(OR(NQ5=$NS$2,NR5=$NT$2),1,0))))) -> 0 | NU5: =NO5+NS5 -> 0 | NX5: =IF(AND(NV5="",NW5=""),0,IF(AND(NV5=$NX$2,NW5=$NY$2),5,IF(AND(SIGN(NV5-NW5)=SIGN($NX$2-$NY$2),OR(NV5=$NX$2,NW5=$NY$2)),4,IF(SIGN(NV5-NW5)=SIGN($NX$2-$NY$2),3,IF(OR(NV5=$NX$2,NW5=$NY$2),1,0))))) -> 0 | OB5: =IF(AND(NZ5="",OA5=""),0,IF(AND(NZ5=$OB$2,OA5=$OC$2),5,IF(AND(SIGN(NZ5-OA5)=SIGN($OB$2-$OC$2),OR(NZ5=$OB$2,OA5=$OC$2)),4,IF(SIGN(NZ5-OA5)=SIGN($OB$2-$OC$2),3,IF(OR(NZ5=$OB$2,OA5=$OC$2),1,0))))) -> 0 | OD5: =NX5+OB5 -> 0 | OG5: =IF(AND(OE5="",OF5=""),0,IF(AND(OE5=$OG$2,OF5=$OH$2),5,IF(AND(SIGN(OE5-OF5)=SIGN($OG$2-$OH$2),OR(OE5=$OG$2,OF5=$OH$2)),4,IF(SIGN(OE5-OF5)=SIGN($OG$2-$OH$2),3,IF(OR(OE5=$OG$2,OF5=$OH$2),1,0))))) -> 0 | OK5: =IF(AND(OI5="",OJ5=""),0,IF(AND(OI5=$OK$2,OJ5=$OL$2),5,IF(AND(SIGN(OI5-OJ5)=SIGN($OK$2-$OL$2),OR(OI5=$OK$2,OJ5=$OL$2)),4,IF(SIGN(OI5-OJ5)=SIGN($OK$2-$OL$2),3,IF(OR(OI5=$OK$2,OJ5=$OL$2),1,0))))) -> 0 | OM5: =OG5+OK5 -> 0 | OP5: =IF(AND(ON5="",OO5=""),0,IF(AND(ON5=$OP$2,OO5=$OQ$2),5,IF(AND(SIGN(ON5-OO5)=SIGN($OP$2-$OQ$2),OR(ON5=$OP$2,OO5=$OQ$2)),4,IF(SIGN(ON5-OO5)=SIGN($OP$2-$OQ$2),3,IF(OR(ON5=$OP$2,OO5=$OQ$2),1,0))))) -> 0 | OT5: =IF(AND(OR5="",OS5=""),0,IF(AND(OR5=$OT$2,OS5=$OU$2),5,IF(AND(SIGN(OR5-OS5)=SIGN($OT$2-$OU$2),OR(OR5=$OT$2,OS5=$OU$2)),4,IF(SIGN(OR5-OS5)=SIGN($OT$2-$OU$2),3,IF(OR(OR5=$OT$2,OS5=$OU$2),1,0))))) -> 0 | OV5: =OP5+OT5 -> 0 | OY5: =IF(AND(OW5="",OX5=""),0,IF(AND(OW5=$OY$2,OX5=$OZ$2),5,IF(AND(SIGN(OW5-OX5)=SIGN($OY$2-$OZ$2),OR(OW5=$OY$2,OX5=$OZ$2)),4,IF(SIGN(OW5-OX5)=SIGN($OY$2-$OZ$2),3,IF(OR(OW5=$OY$2,OX5=$OZ$2),1,0))))) -> 0 | PA5: =OY5 -> 0 | PD5: =IF(AND(PB5="",PC5=""),0,IF(AND(PB5=$PD$2,PC5=$PE$2),5,IF(AND(SIGN(PB5-PC5)=SIGN($PD$2-$PE$2),OR(PB5=$PD$2,PC5=$PE$2)),4,IF(SIGN(PB5-PC5)=SIGN($PD$2-$PE$2),3,IF(OR(PB5=$PD$2,PC5=$PE$2),1,0))))) -> 0 | PF5: =PD5 -> 0 | PI5: =IF(AND(PG5="",PH5=""),0,IF(AND(PG5=$PI$2,PH5=$PJ$2),5,IF(AND(SIGN(PG5-PH5)=SIGN($PI$2-$PJ$2),OR(PG5=$PI$2,PH5=$PJ$2)),4,IF(SIGN(PG5-PH5)=SIGN($PI$2-$PJ$2),3,IF(OR(PG5=$PI$2,PH5=$PJ$2),1,0))))) -> 0 | PM5: =IF(AND(PK5="",PL5=""),0,IF(AND(PK5=$PM$2,PL5=$PN$2),5,IF(AND(SIGN(PK5-PL5)=SIGN($PM$2-$PN$2),OR(PK5=$PM$2,PL5=$PN$2)),4,IF(SIGN(PK5-PL5)=SIGN($PM$2-$PN$2),3,IF(OR(PK5=$PM$2,PL5=$PN$2),1,0))))) -> 0 | PO5: =PI5+PM5 -> 0 | PR5: =IF(AND(PP5="",PQ5=""),0,IF(AND(PP5=$PR$2,PQ5=$PS$2),5,IF(AND(SIGN(PP5-PQ5)=SIGN($PR$2-$PS$2),OR(PP5=$PR$2,PQ5=$PS$2)),4,IF(SIGN(PP5-PQ5)=SIGN($PR$2-$PS$2),3,IF(OR(PP5=$PR$2,PQ5=$PS$2),1,0))))) -> 0 | PT5: =PR5 -> 0 | PW5: =IF(AND(PU5="",PV5=""),0,IF(AND(PU5=$PW$2,PV5=$PX$2),5,IF(AND(SIGN(PU5-PV5)=SIGN($PW$2-$PX$2),OR(PU5=$PW$2,PV5=$PX$2)),4,IF(SIGN(PU5-PV5)=SIGN($PW$2-$PX$2),3,IF(OR(PU5=$PW$2,PV5=$PX$2),1,0))))) -> 0 | PY5: =PW5 -> 0 | QB5: =IF(AND(PZ5="",QA5=""),0,IF(AND(PZ5=$QB$2,QA5=$QC$2),5,IF(AND(SIGN(PZ5-QA5)=SIGN($QB$2-$QC$2),OR(PZ5=$QB$2,QA5=$QC$2)),4,IF(SIGN(PZ5-QA5)=SIGN($QB$2-$QC$2),3,IF(OR(PZ5=$QB$2,QA5=$QC$2),1,0))))) -> 0 | QD5: =QB5 -> 0 | QG5: =IF(AND(QE5="",QF5=""),0,IF(AND(QE5=$QG$2,QF5=$QH$2),5,IF(AND(SIGN(QE5-QF5)=SIGN($QG$2-$QH$2),OR(QE5=$QG$2,QF5=$QH$2)),4,IF(SIGN(QE5-QF5)=SIGN($QG$2-$QH$2),3,IF(OR(QE5=$QG$2,QF5=$QH$2),1,0))))) -> 0 | QI5: =QG5 -> 0
A6: Gabriel Letrado | B6: 2 | C6: 0 | D6: =IF( AND(B6=$D$2, C6=$E$2), 5, IF( AND( SIGN(B6-C6)=SIGN($D$2-$E$2), OR(B6=$D$2, C6=$E$2) ), 4, IF( SIGN(B6-C6)=SIGN($D$2-$E$2), 3, IF( OR(B6=$D$2, C6=$E$2), 1, 0 ) ) )) -> 5 | F6: 1 | G6: 1 | H6: =IF( AND(F6=$H$2, G6=$I$2), 5, IF( AND( SIGN(F6-G6)=SIGN($H$2-$I$2), OR(F6=$H$2, G6=$I$2) ), 4, IF( SIGN(F6-G6)=SIGN($H$2-$I$2), 3, IF( OR(F6=$H$2, G6=$I$2), 1, 0 ) ) )) -> 1 | J6: =D6+H6 -> 6 | K6: 2 | L6: 1 | M6: =IF(AND(K6="",L6=""),0,IF(AND(K6=$M$2,L6=$N$2),5,IF(AND(SIGN(K6-L6)=SIGN($M$2-$N$2),OR(K6=$M$2,L6=$N$2)),4,IF(SIGN(K6-L6)=SIGN($M$2-$N$2),3,IF(OR(K6=$M$2,L6=$N$2),1,0))))) -> 1 | O6: 1 | P6: 1 | Q6: =IF(AND(O6="",P6=""),0,IF(AND(O6=$Q$2,P6=$R$2),5,IF(AND(SIGN(O6-P6)=SIGN($Q$2-$R$2),OR(O6=$Q$2,P6=$R$2)),4,IF(SIGN(O6-P6)=SIGN($Q$2-$R$2),3,IF(OR(O6=$Q$2,P6=$R$2),1,0))))) -> 1 | S6: =M6+Q6 -> 2 | T6: 0 | U6: 2 | V6: =IF(AND(T6="",U6=""),0,IF(AND(T6=$V$2,U6=$W$2),5,IF(AND(SIGN(T6-U6)=SIGN($V$2-$W$2),OR(T6=$V$2,U6=$W$2)),4,IF(SIGN(T6-U6)=SIGN($V$2-$W$2),3,IF(OR(T6=$V$2,U6=$W$2),1,0))))) -> 0 | X6: 2 | Y6: 1 | Z6: =IF(AND(X6="",Y6=""),0,IF(AND(X6=$Z$2,Y6=$AA$2),5,IF(AND(SIGN(X6-Y6)=SIGN($Z$2-$AA$2),OR(X6=$Z$2,Y6=$AA$2)),4,IF(SIGN(X6-Y6)=SIGN($Z$2-$AA$2),3,IF(OR(X6=$Z$2,Y6=$AA$2),1,0))))) -> 1 | AB6: 0 | AC6: 2 | AD6: =IF(AND(AB6="",AC6=""),0,IF(AND(AB6=$AD$2,AC6=$AE$2),5,IF(AND(SIGN(AB6-AC6)=SIGN($AD$2-$AE$2),OR(AB6=$AD$2,AC6=$AE$2)),4,IF(SIGN(AB6-AC6)=SIGN($AD$2-$AE$2),3,IF(OR(AB6=$AD$2,AC6=$AE$2),1,0))))) -> 4 | AF6: 0 | AG6: 2 | AH6: =IF(AND(AF6="",AG6=""),0,IF(AND(AF6=$AH$2,AG6=$AI$2),5,IF(AND(SIGN(AF6-AG6)=SIGN($AH$2-$AI$2),OR(AF6=$AH$2,AG6=$AI$2)),4,IF(SIGN(AF6-AG6)=SIGN($AH$2-$AI$2),3,IF(OR(AF6=$AH$2,AG6=$AI$2),1,0))))) -> 0 | AJ6: =V6+Z6+AD6+AH6 -> 5 | AK6: 5 | AL6: 0 | AM6: =IF(AND(AK6="",AL6=""),0,IF(AND(AK6=$AM$2,AL6=$AN$2),5,IF(AND(SIGN(AK6-AL6)=SIGN($AM$2-$AN$2),OR(AK6=$AM$2,AL6=$AN$2)),4,IF(SIGN(AK6-AL6)=SIGN($AM$2-$AN$2),3,IF(OR(AK6=$AM$2,AL6=$AN$2),1,0))))) -> 3 | AO6: 2 | AP6: 1 | AQ6: =IF(AND(AO6="",AP6=""),0,IF(AND(AO6=$AQ$2,AP6=$AR$2),5,IF(AND(SIGN(AO6-AP6)=SIGN($AQ$2-$AR$2),OR(AO6=$AQ$2,AP6=$AR$2)),4,IF(SIGN(AO6-AP6)=SIGN($AQ$2-$AR$2),3,IF(OR(AO6=$AQ$2,AP6=$AR$2),1,0))))) -> 1 | AS6: 1 | AT6: 2 | AU6: =IF(AND(AS6="",AT6=""),0,IF(AND(AS6=$AU$2,AT6=$AV$2),5,IF(AND(SIGN(AS6-AT6)=SIGN($AU$2-$AV$2),OR(AS6=$AU$2,AT6=$AV$2)),4,IF(SIGN(AS6-AT6)=SIGN($AU$2-$AV$2),3,IF(OR(AS6=$AU$2,AT6=$AV$2),1,0))))) -> 1 | AW6: 2 | AX6: 0 | AY6: =IF(AND(AW6="",AX6=""),0,IF(AND(AW6=$AY$2,AX6=$AZ$2),5,IF(AND(SIGN(AW6-AX6)=SIGN($AY$2-$AZ$2),OR(AW6=$AY$2,AX6=$AZ$2)),4,IF(SIGN(AW6-AX6)=SIGN($AY$2-$AZ$2),3,IF(OR(AW6=$AY$2,AX6=$AZ$2),1,0))))) -> 3 | BA6: =AM6+AQ6+AU6+AY6 -> 8 | BB6: 5 | BC6: 0 | BD6: =IF(AND(BB6="",BC6=""),0,IF(AND(BB6=$BD$2,BC6=$BE$2),5,IF(AND(SIGN(BB6-BC6)=SIGN($BD$2-$BE$2),OR(BB6=$BD$2,BC6=$BE$2)),4,IF(SIGN(BB6-BC6)=SIGN($BD$2-$BE$2),3,IF(OR(BB6=$BD$2,BC6=$BE$2),1,0))))) -> 1 | BF6: 2 | BG6: 1 | BH6: =IF(AND(BF6="",BG6=""),0,IF(AND(BF6=$BH$2,BG6=$BI$2),5,IF(AND(SIGN(BF6-BG6)=SIGN($BH$2-$BI$2),OR(BF6=$BH$2,BG6=$BI$2)),4,IF(SIGN(BF6-BG6)=SIGN($BH$2-$BI$2),3,IF(OR(BF6=$BH$2,BG6=$BI$2),1,0))))) -> 1 | BJ6: 1 | BK6: 2 | BL6: =IF(AND(BJ6="",BK6=""),0,IF(AND(BJ6=$BL$2,BK6=$BM$2),5,IF(AND(SIGN(BJ6-BK6)=SIGN($BL$2-$BM$2),OR(BJ6=$BL$2,BK6=$BM$2)),4,IF(SIGN(BJ6-BK6)=SIGN($BL$2-$BM$2),3,IF(OR(BJ6=$BL$2,BK6=$BM$2),1,0))))) -> 1 | BN6: 2 | BO6: 0 | BP6: =IF(AND(BN6="",BO6=""),0,IF(AND(BN6=$BP$2,BO6=$BQ$2),5,IF(AND(SIGN(BN6-BO6)=SIGN($BP$2-$BQ$2),OR(BN6=$BP$2,BO6=$BQ$2)),4,IF(SIGN(BN6-BO6)=SIGN($BP$2-$BQ$2),3,IF(OR(BN6=$BP$2,BO6=$BQ$2),1,0))))) -> 1 | BR6: =BD6+BH6+BL6+BP6 -> 4 | BS6: 3 | BT6: 0 | BU6: =IF(AND(BS6="",BT6=""),0,IF(AND(BS6=$BU$2,BT6=$BV$2),5,IF(AND(SIGN(BS6-BT6)=SIGN($BU$2-$BV$2),OR(BS6=$BU$2,BT6=$BV$2)),4,IF(SIGN(BS6-BT6)=SIGN($BU$2-$BV$2),3,IF(OR(BS6=$BU$2,BT6=$BV$2),1,0))))) -> 4 | BW6: 0 | BX6: 2 | BY6: =IF(AND(BW6="",BX6=""),0,IF(AND(BW6=$BY$2,BX6=$BZ$2),5,IF(AND(SIGN(BW6-BX6)=SIGN($BY$2-$BZ$2),OR(BW6=$BY$2,BX6=$BZ$2)),4,IF(SIGN(BW6-BX6)=SIGN($BY$2-$BZ$2),3,IF(OR(BW6=$BY$2,BX6=$BZ$2),1,0))))) -> 3 | CA6: 3 | CB6: 0 | CC6: =IF(AND(CA6="",CB6=""),0,IF(AND(CA6=$CC$2,CB6=$CD$2),5,IF(AND(SIGN(CA6-CB6)=SIGN($CC$2-$CD$2),OR(CA6=$CC$2,CB6=$CD$2)),4,IF(SIGN(CA6-CB6)=SIGN($CC$2-$CD$2),3,IF(OR(CA6=$CC$2,CB6=$CD$2),1,0))))) -> 5 | CE6: 2 | CF6: 1 | CG6: =IF(AND(CE6="",CF6=""),0,IF(AND(CE6=$CG$2,CF6=$CH$2),5,IF(AND(SIGN(CE6-CF6)=SIGN($CG$2-$CH$2),OR(CE6=$CG$2,CF6=$CH$2)),4,IF(SIGN(CE6-CF6)=SIGN($CG$2-$CH$2),3,IF(OR(CE6=$CG$2,CF6=$CH$2),1,0))))) -> 4 | CI6: =BU6+BY6+CC6+CG6 -> 16 | CJ6: 4 | CK6: 0 | CL6: =IF(AND(CJ6="",CK6=""),0,IF(AND(CJ6=$CL$2,CK6=$CM$2),5,IF(AND(SIGN(CJ6-CK6)=SIGN($CL$2-$CM$2),OR(CJ6=$CL$2,CK6=$CM$2)),4,IF(SIGN(CJ6-CK6)=SIGN($CL$2-$CM$2),3,IF(OR(CJ6=$CL$2,CK6=$CM$2),1,0))))) -> 0 | CN6: 2 | CO6: 1 | CP6: =IF(AND(CN6="",CO6=""),0,IF(AND(CN6=$CP$2,CO6=$CQ$2),5,IF(AND(SIGN(CN6-CO6)=SIGN($CP$2-$CQ$2),OR(CN6=$CP$2,CO6=$CQ$2)),4,IF(SIGN(CN6-CO6)=SIGN($CP$2-$CQ$2),3,IF(OR(CN6=$CP$2,CO6=$CQ$2),1,0))))) -> 3 | CR6: 1 | CS6: 1 | CT6: =IF(AND(CR6="",CS6=""),0,IF(AND(CR6=$CT$2,CS6=$CU$2),5,IF(AND(SIGN(CR6-CS6)=SIGN($CT$2-$CU$2),OR(CR6=$CT$2,CS6=$CU$2)),4,IF(SIGN(CR6-CS6)=SIGN($CT$2-$CU$2),3,IF(OR(CR6=$CT$2,CS6=$CU$2),1,0))))) -> 1 | CV6: 0 | CW6: 2 | CX6: =IF(AND(CV6="",CW6=""),0,IF(AND(CV6=$CX$2,CW6=$CY$2),5,IF(AND(SIGN(CV6-CW6)=SIGN($CX$2-$CY$2),OR(CV6=$CX$2,CW6=$CY$2)),4,IF(SIGN(CV6-CW6)=SIGN($CX$2-$CY$2),3,IF(OR(CV6=$CX$2,CW6=$CY$2),1,0))))) -> 3 | CZ6: =CL6+CP6+CT6+CX6 -> 7 | DA6: 2 | DB6: 0 | DC6: =IF(AND(DA6="",DB6=""),0,IF(AND(DA6=$DC$2,DB6=$DD$2),5,IF(AND(SIGN(DA6-DB6)=SIGN($DC$2-$DD$2),OR(DA6=$DC$2,DB6=$DD$2)),4,IF(SIGN(DA6-DB6)=SIGN($DC$2-$DD$2),3,IF(OR(DA6=$DC$2,DB6=$DD$2),1,0))))) -> 0 | DE6: 1 | DF6: 1 | DG6: =IF(AND(DE6="",DF6=""),0,IF(AND(DE6=$DG$2,DF6=$DH$2),5,IF(AND(SIGN(DE6-DF6)=SIGN($DG$2-$DH$2),OR(DE6=$DG$2,DF6=$DH$2)),4,IF(SIGN(DE6-DF6)=SIGN($DG$2-$DH$2),3,IF(OR(DE6=$DG$2,DF6=$DH$2),1,0))))) -> 1 | DI6: 2 | DJ6: 1 | DK6: =IF(AND(DI6="",DJ6=""),0,IF(AND(DI6=$DK$2,DJ6=$DL$2),5,IF(AND(SIGN(DI6-DJ6)=SIGN($DK$2-$DL$2),OR(DI6=$DK$2,DJ6=$DL$2)),4,IF(SIGN(DI6-DJ6)=SIGN($DK$2-$DL$2),3,IF(OR(DI6=$DK$2,DJ6=$DL$2),1,0))))) -> 3 | DM6: 2 | DN6: 2 | DO6: =IF(AND(DM6="",DN6=""),0,IF(AND(DM6=$DO$2,DN6=$DP$2),5,IF(AND(SIGN(DM6-DN6)=SIGN($DO$2-$DP$2),OR(DM6=$DO$2,DN6=$DP$2)),4,IF(SIGN(DM6-DN6)=SIGN($DO$2-$DP$2),3,IF(OR(DM6=$DO$2,DN6=$DP$2),1,0))))) -> 0 | DQ6: =DC6+DG6+DK6+DO6 -> 4 | DR6: 3 | DS6: 1 | DT6: =IF(AND(DR6="",DS6=""),0,IF(AND(DR6=$DT$2,DS6=$DU$2),5,IF(AND(SIGN(DR6-DS6)=SIGN($DT$2-$DU$2),OR(DR6=$DT$2,DS6=$DU$2)),4,IF(SIGN(DR6-DS6)=SIGN($DT$2-$DU$2),3,IF(OR(DR6=$DT$2,DS6=$DU$2),1,0))))) -> 3 | DV6: 1 | DW6: 2 | DX6: =IF(AND(DV6="",DW6=""),0,IF(AND(DV6=$DX$2,DW6=$DY$2),5,IF(AND(SIGN(DV6-DW6)=SIGN($DX$2-$DY$2),OR(DV6=$DX$2,DW6=$DY$2)),4,IF(SIGN(DV6-DW6)=SIGN($DX$2-$DY$2),3,IF(OR(DV6=$DX$2,DW6=$DY$2),1,0))))) -> 3 | DZ6: 3 | EA6: 0 | EB6: =IF(AND(DZ6="",EA6=""),0,IF(AND(DZ6=$EB$2,EA6=$EC$2),5,IF(AND(SIGN(DZ6-EA6)=SIGN($EB$2-$EC$2),OR(DZ6=$EB$2,EA6=$EC$2)),4,IF(SIGN(DZ6-EA6)=SIGN($EB$2-$EC$2),3,IF(OR(DZ6=$EB$2,EA6=$EC$2),1,0))))) -> 5 | ED6: 2 | EE6: 1 | EF6: =IF(AND(ED6="",EE6=""),0,IF(AND(ED6=$EF$2,EE6=$EG$2),5,IF(AND(SIGN(ED6-EE6)=SIGN($EF$2-$EG$2),OR(ED6=$EF$2,EE6=$EG$2)),4,IF(SIGN(ED6-EE6)=SIGN($EF$2-$EG$2),3,IF(OR(ED6=$EF$2,EE6=$EG$2),1,0))))) -> 1 | EH6: =DT6+DX6+EB6+EF6 -> 12 | EI6: 2 | EJ6: 2 | EK6: =IF(AND(EI6="",EJ6=""),0,IF(AND(EI6=$EK$2,EJ6=$EL$2),5,IF(AND(SIGN(EI6-EJ6)=SIGN($EK$2-$EL$2),OR(EI6=$EK$2,EJ6=$EL$2)),4,IF(SIGN(EI6-EJ6)=SIGN($EK$2-$EL$2),3,IF(OR(EI6=$EK$2,EJ6=$EL$2),1,0))))) -> 0 | EM6: 3 | EN6: 1 | EO6: =IF(AND(EM6="",EN6=""),0,IF(AND(EM6=$EO$2,EN6=$EP$2),5,IF(AND(SIGN(EM6-EN6)=SIGN($EO$2-$EP$2),OR(EM6=$EO$2,EN6=$EP$2)),4,IF(SIGN(EM6-EN6)=SIGN($EO$2-$EP$2),3,IF(OR(EM6=$EO$2,EN6=$EP$2),1,0))))) -> 4 | EQ6: 2 | ER6: 0 | ES6: =IF(AND(EQ6="",ER6=""),0,IF(AND(EQ6=$ES$2,ER6=$ET$2),5,IF(AND(SIGN(EQ6-ER6)=SIGN($ES$2-$ET$2),OR(EQ6=$ES$2,ER6=$ET$2)),4,IF(SIGN(EQ6-ER6)=SIGN($ES$2-$ET$2),3,IF(OR(EQ6=$ES$2,ER6=$ET$2),1,0))))) -> 1 | EU6: 1 | EV6: 2 | EW6: =IF(AND(EU6="",EV6=""),0,IF(AND(EU6=$EW$2,EV6=$EX$2),5,IF(AND(SIGN(EU6-EV6)=SIGN($EW$2-$EX$2),OR(EU6=$EW$2,EV6=$EX$2)),4,IF(SIGN(EU6-EV6)=SIGN($EW$2-$EX$2),3,IF(OR(EU6=$EW$2,EV6=$EX$2),1,0))))) -> 3 | EY6: =EK6+EO6+ES6+EW6 -> 8 | EZ6: 3 | FA6: 0 | FD6: 2 | FE6: 1 | FH6: 2 | FI6: 0 | FL6: 0 | FM6: 2 | FP6: =FB6+FF6+FJ6+FN6 -> 0 | FS6: =IF(AND(FQ6="",FR6=""),0,IF(AND(FQ6=$FS$2,FR6=$FT$2),5,IF(AND(SIGN(FQ6-FR6)=SIGN($FS$2-$FT$2),OR(FQ6=$FS$2,FR6=$FT$2)),4,IF(SIGN(FQ6-FR6)=SIGN($FS$2-$FT$2),3,IF(OR(FQ6=$FS$2,FR6=$FT$2),1,0))))) -> 0 | FW6: =IF(AND(FU6="",FV6=""),0,IF(AND(FU6=$FW$2,FV6=$FX$2),5,IF(AND(SIGN(FU6-FV6)=SIGN($FW$2-$FX$2),OR(FU6=$FW$2,FV6=$FX$2)),4,IF(SIGN(FU6-FV6)=SIGN($FW$2-$FX$2),3,IF(OR(FU6=$FW$2,FV6=$FX$2),1,0))))) -> 0 | GA6: =IF(AND(FY6="",FZ6=""),0,IF(AND(FY6=$GA$2,FZ6=$GB$2),5,IF(AND(SIGN(FY6-FZ6)=SIGN($GA$2-$GB$2),OR(FY6=$GA$2,FZ6=$GB$2)),4,IF(SIGN(FY6-FZ6)=SIGN($GA$2-$GB$2),3,IF(OR(FY6=$GA$2,FZ6=$GB$2),1,0))))) -> 0 | GE6: =IF(AND(GC6="",GD6=""),0,IF(AND(GC6=$GE$2,GD6=$GF$2),5,IF(AND(SIGN(GC6-GD6)=SIGN($GE$2-$GF$2),OR(GC6=$GE$2,GD6=$GF$2)),4,IF(SIGN(GC6-GD6)=SIGN($GE$2-$GF$2),3,IF(OR(GC6=$GE$2,GD6=$GF$2),1,0))))) -> 0 | GG6: =FS6+FW6+GA6+GE6 -> 0 | GJ6: =IF(AND(GH6="",GI6=""),0,IF(AND(GH6=$GJ$2,GI6=$GK$2),5,IF(AND(SIGN(GH6-GI6)=SIGN($GJ$2-$GK$2),OR(GH6=$GJ$2,GI6=$GK$2)),4,IF(SIGN(GH6-GI6)=SIGN($GJ$2-$GK$2),3,IF(OR(GH6=$GJ$2,GI6=$GK$2),1,0))))) -> 0 | GN6: =IF(AND(GL6="",GM6=""),0,IF(AND(GL6=$GN$2,GM6=$GO$2),5,IF(AND(SIGN(GL6-GM6)=SIGN($GN$2-$GO$2),OR(GL6=$GN$2,GM6=$GO$2)),4,IF(SIGN(GL6-GM6)=SIGN($GN$2-$GO$2),3,IF(OR(GL6=$GN$2,GM6=$GO$2),1,0))))) -> 0 | GR6: =IF(AND(GP6="",GQ6=""),0,IF(AND(GP6=$GR$2,GQ6=$GS$2),5,IF(AND(SIGN(GP6-GQ6)=SIGN($GR$2-$GS$2),OR(GP6=$GR$2,GQ6=$GS$2)),4,IF(SIGN(GP6-GQ6)=SIGN($GR$2-$GS$2),3,IF(OR(GP6=$GR$2,GQ6=$GS$2),1,0))))) -> 0 | GV6: =IF(AND(GT6="",GU6=""),0,IF(AND(GT6=$GV$2,GU6=$GW$2),5,IF(AND(SIGN(GT6-GU6)=SIGN($GV$2-$GW$2),OR(GT6=$GV$2,GU6=$GW$2)),4,IF(SIGN(GT6-GU6)=SIGN($GV$2-$GW$2),3,IF(OR(GT6=$GV$2,GU6=$GW$2),1,0))))) -> 0 | GX6: =GJ6+GN6+GR6+GV6 -> 0 | HA6: =IF(AND(GY6="",GZ6=""),0,IF(AND(GY6=$HA$2,GZ6=$HB$2),5,IF(AND(SIGN(GY6-GZ6)=SIGN($HA$2-$HB$2),OR(GY6=$HA$2,GZ6=$HB$2)),4,IF(SIGN(GY6-GZ6)=SIGN($HA$2-$HB$2),3,IF(OR(GY6=$HA$2,GZ6=$HB$2),1,0))))) -> 0 | HE6: =IF(AND(HC6="",HD6=""),0,IF(AND(HC6=$HE$2,HD6=$HF$2),5,IF(AND(SIGN(HC6-HD6)=SIGN($HE$2-$HF$2),OR(HC6=$HE$2,HD6=$HF$2)),4,IF(SIGN(HC6-HD6)=SIGN($HE$2-$HF$2),3,IF(OR(HC6=$HE$2,HD6=$HF$2),1,0))))) -> 0 | HI6: =IF(AND(HG6="",HH6=""),0,IF(AND(HG6=$HI$2,HH6=$HJ$2),5,IF(AND(SIGN(HG6-HH6)=SIGN($HI$2-$HJ$2),OR(HG6=$HI$2,HH6=$HJ$2)),4,IF(SIGN(HG6-HH6)=SIGN($HI$2-$HJ$2),3,IF(OR(HG6=$HI$2,HH6=$HJ$2),1,0))))) -> 0 | HM6: =IF(AND(HK6="",HL6=""),0,IF(AND(HK6=$HM$2,HL6=$HN$2),5,IF(AND(SIGN(HK6-HL6)=SIGN($HM$2-$HN$2),OR(HK6=$HM$2,HL6=$HN$2)),4,IF(SIGN(HK6-HL6)=SIGN($HM$2-$HN$2),3,IF(OR(HK6=$HM$2,HL6=$HN$2),1,0))))) -> 0 | HQ6: =IF(AND(HO6="",HP6=""),0,IF(AND(HO6=$HQ$2,HP6=$HR$2),5,IF(AND(SIGN(HO6-HP6)=SIGN($HQ$2-$HR$2),OR(HO6=$HQ$2,HP6=$HR$2)),4,IF(SIGN(HO6-HP6)=SIGN($HQ$2-$HR$2),3,IF(OR(HO6=$HQ$2,HP6=$HR$2),1,0))))) -> 0 | HU6: =IF(AND(HS6="",HT6=""),0,IF(AND(HS6=$HU$2,HT6=$HV$2),5,IF(AND(SIGN(HS6-HT6)=SIGN($HU$2-$HV$2),OR(HS6=$HU$2,HT6=$HV$2)),4,IF(SIGN(HS6-HT6)=SIGN($HU$2-$HV$2),3,IF(OR(HS6=$HU$2,HT6=$HV$2),1,0))))) -> 0 | HW6: =HI6+HM6+HQ6+HU6+HE6+HA6 -> 0 | HZ6: =IF(AND(HX6="",HY6=""),0,IF(AND(HX6=$HZ$2,HY6=$IA$2),5,IF(AND(SIGN(HX6-HY6)=SIGN($HZ$2-$IA$2),OR(HX6=$HZ$2,HY6=$IA$2)),4,IF(SIGN(HX6-HY6)=SIGN($HZ$2-$IA$2),3,IF(OR(HX6=$HZ$2,HY6=$IA$2),1,0))))) -> 0 | ID6: =IF(AND(IB6="",IC6=""),0,IF(AND(IB6=$ID$2,IC6=$IE$2),5,IF(AND(SIGN(IB6-IC6)=SIGN($ID$2-$IE$2),OR(IB6=$ID$2,IC6=$IE$2)),4,IF(SIGN(IB6-IC6)=SIGN($ID$2-$IE$2),3,IF(OR(IB6=$ID$2,IC6=$IE$2),1,0))))) -> 0 | IH6: =IF(AND(IF6="",IG6=""),0,IF(AND(IF6=$IH$2,IG6=$II$2),5,IF(AND(SIGN(IF6-IG6)=SIGN($IH$2-$II$2),OR(IF6=$IH$2,IG6=$II$2)),4,IF(SIGN(IF6-IG6)=SIGN($IH$2-$II$2),3,IF(OR(IF6=$IH$2,IG6=$II$2),1,0))))) -> 0 | IL6: =IF(AND(IJ6="",IK6=""),0,IF(AND(IJ6=$IL$2,IK6=$IM$2),5,IF(AND(SIGN(IJ6-IK6)=SIGN($IL$2-$IM$2),OR(IJ6=$IL$2,IK6=$IM$2)),4,IF(SIGN(IJ6-IK6)=SIGN($IL$2-$IM$2),3,IF(OR(IJ6=$IL$2,IK6=$IM$2),1,0))))) -> 0 | IP6: =IF(AND(IN6="",IO6=""),0,IF(AND(IN6=$IP$2,IO6=$IQ$2),5,IF(AND(SIGN(IN6-IO6)=SIGN($IP$2-$IQ$2),OR(IN6=$IP$2,IO6=$IQ$2)),4,IF(SIGN(IN6-IO6)=SIGN($IP$2-$IQ$2),3,IF(OR(IN6=$IP$2,IO6=$IQ$2),1,0))))) -> 0 | IT6: =IF(AND(IR6="",IS6=""),0,IF(AND(IR6=$IT$2,IS6=$IU$2),5,IF(AND(SIGN(IR6-IS6)=SIGN($IT$2-$IU$2),OR(IR6=$IT$2,IS6=$IU$2)),4,IF(SIGN(IR6-IS6)=SIGN($IT$2-$IU$2),3,IF(OR(IR6=$IT$2,IS6=$IU$2),1,0))))) -> 0 | IV6: =IH6+IL6+IP6+IT6+ID6+HZ6 -> 0 | IY6: =IF(AND(IW6="",IX6=""),0,IF(AND(IW6=$IY$2,IX6=$IZ$2),5,IF(AND(SIGN(IW6-IX6)=SIGN($IY$2-$IZ$2),OR(IW6=$IY$2,IX6=$IZ$2)),4,IF(SIGN(IW6-IX6)=SIGN($IY$2-$IZ$2),3,IF(OR(IW6=$IY$2,IX6=$IZ$2),1,0))))) -> 0 | JC6: =IF(AND(JA6="",JB6=""),0,IF(AND(JA6=$JC$2,JB6=$JD$2),5,IF(AND(SIGN(JA6-JB6)=SIGN($JC$2-$JD$2),OR(JA6=$JC$2,JB6=$JD$2)),4,IF(SIGN(JA6-JB6)=SIGN($JC$2-$JD$2),3,IF(OR(JA6=$JC$2,JB6=$JD$2),1,0))))) -> 0 | JG6: =IF(AND(JE6="",JF6=""),0,IF(AND(JE6=$JG$2,JF6=$JH$2),5,IF(AND(SIGN(JE6-JF6)=SIGN($JG$2-$JH$2),OR(JE6=$JG$2,JF6=$JH$2)),4,IF(SIGN(JE6-JF6)=SIGN($JG$2-$JH$2),3,IF(OR(JE6=$JG$2,JF6=$JH$2),1,0))))) -> 0 | JK6: =IF(AND(JI6="",JJ6=""),0,IF(AND(JI6=$JK$2,JJ6=$JL$2),5,IF(AND(SIGN(JI6-JJ6)=SIGN($JK$2-$JL$2),OR(JI6=$JK$2,JJ6=$JL$2)),4,IF(SIGN(JI6-JJ6)=SIGN($JK$2-$JL$2),3,IF(OR(JI6=$JK$2,JJ6=$JL$2),1,0))))) -> 0 | JO6: =IF(AND(JM6="",JN6=""),0,IF(AND(JM6=$JO$2,JN6=$JP$2),5,IF(AND(SIGN(JM6-JN6)=SIGN($JO$2-$JP$2),OR(JM6=$JO$2,JN6=$JP$2)),4,IF(SIGN(JM6-JN6)=SIGN($JO$2-$JP$2),3,IF(OR(JM6=$JO$2,JN6=$JP$2),1,0))))) -> 0 | JS6: =IF(AND(JQ6="",JR6=""),0,IF(AND(JQ6=$JS$2,JR6=$JT$2),5,IF(AND(SIGN(JQ6-JR6)=SIGN($JS$2-$JT$2),OR(JQ6=$JS$2,JR6=$JT$2)),4,IF(SIGN(JQ6-JR6)=SIGN($JS$2-$JT$2),3,IF(OR(JQ6=$JS$2,JR6=$JT$2),1,0))))) -> 0 | JU6: =JG6+JK6+JO6+JS6+JC6+IY6 -> 0 | JX6: =IF(AND(JV6="",JW6=""),0,IF(AND(JV6=$JX$2,JW6=$JY$2),5,IF(AND(SIGN(JV6-JW6)=SIGN($JX$2-$JY$2),OR(JV6=$JX$2,JW6=$JY$2)),4,IF(SIGN(JV6-JW6)=SIGN($JX$2-$JY$2),3,IF(OR(JV6=$JX$2,JW6=$JY$2),1,0))))) -> 0 | KB6: =IF(AND(JZ6="",KA6=""),0,IF(AND(JZ6=$KB$2,KA6=$KC$2),5,IF(AND(SIGN(JZ6-KA6)=SIGN($KB$2-$KC$2),OR(JZ6=$KB$2,KA6=$KC$2)),4,IF(SIGN(JZ6-KA6)=SIGN($KB$2-$KC$2),3,IF(OR(JZ6=$KB$2,KA6=$KC$2),1,0))))) -> 0 | KF6: =IF(AND(KD6="",KE6=""),0,IF(AND(KD6=$KF$2,KE6=$KG$2),5,IF(AND(SIGN(KD6-KE6)=SIGN($KF$2-$KG$2),OR(KD6=$KF$2,KE6=$KG$2)),4,IF(SIGN(KD6-KE6)=SIGN($KF$2-$KG$2),3,IF(OR(KD6=$KF$2,KE6=$KG$2),1,0))))) -> 0 | KJ6: =IF(AND(KH6="",KI6=""),0,IF(AND(KH6=$KJ$2,KI6=$KK$2),5,IF(AND(SIGN(KH6-KI6)=SIGN($KJ$2-$KK$2),OR(KH6=$KJ$2,KI6=$KK$2)),4,IF(SIGN(KH6-KI6)=SIGN($KJ$2-$KK$2),3,IF(OR(KH6=$KJ$2,KI6=$KK$2),1,0))))) -> 0 | KN6: =IF(AND(KL6="",KM6=""),0,IF(AND(KL6=$KN$2,KM6=$KO$2),5,IF(AND(SIGN(KL6-KM6)=SIGN($KN$2-$KO$2),OR(KL6=$KN$2,KM6=$KO$2)),4,IF(SIGN(KL6-KM6)=SIGN($KN$2-$KO$2),3,IF(OR(KL6=$KN$2,KM6=$KO$2),1,0))))) -> 0 | KR6: =IF(AND(KP6="",KQ6=""),0,IF(AND(KP6=$KR$2,KQ6=$KS$2),5,IF(AND(SIGN(KP6-KQ6)=SIGN($KR$2-$KS$2),OR(KP6=$KR$2,KQ6=$KS$2)),4,IF(SIGN(KP6-KQ6)=SIGN($KR$2-$KS$2),3,IF(OR(KP6=$KR$2,KQ6=$KS$2),1,0))))) -> 0 | KT6: =KF6+KJ6+KN6+KR6+KB6+JX6 -> 0 | KW6: =IF(AND(KU6="",KV6=""),0,IF(AND(KU6=$KW$2,KV6=$KX$2),5,IF(AND(SIGN(KU6-KV6)=SIGN($KW$2-$KX$2),OR(KU6=$KW$2,KV6=$KX$2)),4,IF(SIGN(KU6-KV6)=SIGN($KW$2-$KX$2),3,IF(OR(KU6=$KW$2,KV6=$KX$2),1,0))))) -> 0 | KY6: =KW6 -> 0 | LB6: =IF(AND(KZ6="",LA6=""),0,IF(AND(KZ6=$LB$2,LA6=$LC$2),5,IF(AND(SIGN(KZ6-LA6)=SIGN($LB$2-$LC$2),OR(KZ6=$LB$2,LA6=$LC$2)),4,IF(SIGN(KZ6-LA6)=SIGN($LB$2-$LC$2),3,IF(OR(KZ6=$LB$2,LA6=$LC$2),1,0))))) -> 0 | LF6: =IF(AND(LD6="",LE6=""),0,IF(AND(LD6=$LF$2,LE6=$LG$2),5,IF(AND(SIGN(LD6-LE6)=SIGN($LF$2-$LG$2),OR(LD6=$LF$2,LE6=$LG$2)),4,IF(SIGN(LD6-LE6)=SIGN($LF$2-$LG$2),3,IF(OR(LD6=$LF$2,LE6=$LG$2),1,0))))) -> 0 | LJ6: =IF(AND(LH6="",LI6=""),0,IF(AND(LH6=$LJ$2,LI6=$LK$2),5,IF(AND(SIGN(LH6-LI6)=SIGN($LJ$2-$LK$2),OR(LH6=$LJ$2,LI6=$LK$2)),4,IF(SIGN(LH6-LI6)=SIGN($LJ$2-$LK$2),3,IF(OR(LH6=$LJ$2,LI6=$LK$2),1,0))))) -> 0 | LL6: =LB6+LF6+LJ6 -> 0 | LO6: =IF(AND(LM6="",LN6=""),0,IF(AND(LM6=$LO$2,LN6=$LP$2),5,IF(AND(SIGN(LM6-LN6)=SIGN($LO$2-$LP$2),OR(LM6=$LO$2,LN6=$LP$2)),4,IF(SIGN(LM6-LN6)=SIGN($LO$2-$LP$2),3,IF(OR(LM6=$LO$2,LN6=$LP$2),1,0))))) -> 0 | LS6: =IF(AND(LQ6="",LR6=""),0,IF(AND(LQ6=$LS$2,LR6=$LT$2),5,IF(AND(SIGN(LQ6-LR6)=SIGN($LS$2-$LT$2),OR(LQ6=$LS$2,LR6=$LT$2)),4,IF(SIGN(LQ6-LR6)=SIGN($LS$2-$LT$2),3,IF(OR(LQ6=$LS$2,LR6=$LT$2),1,0))))) -> 0 | LW6: =IF(AND(LU6="",LV6=""),0,IF(AND(LU6=$LW$2,LV6=$LX$2),5,IF(AND(SIGN(LU6-LV6)=SIGN($LW$2-$LX$2),OR(LU6=$LW$2,LV6=$LX$2)),4,IF(SIGN(LU6-LV6)=SIGN($LW$2-$LX$2),3,IF(OR(LU6=$LW$2,LV6=$LX$2),1,0))))) -> 0 | LY6: =LO6+LS6+LW6 -> 0 | MB6: =IF(AND(LZ6="",MA6=""),0,IF(AND(LZ6=$MB$2,MA6=$MC$2),5,IF(AND(SIGN(LZ6-MA6)=SIGN($MB$2-$MC$2),OR(LZ6=$MB$2,MA6=$MC$2)),4,IF(SIGN(LZ6-MA6)=SIGN($MB$2-$MC$2),3,IF(OR(LZ6=$MB$2,MA6=$MC$2),1,0))))) -> 0 | MF6: =IF(AND(MD6="",ME6=""),0,IF(AND(MD6=$MF$2,ME6=$MG$2),5,IF(AND(SIGN(MD6-ME6)=SIGN($MF$2-$MG$2),OR(MD6=$MF$2,ME6=$MG$2)),4,IF(SIGN(MD6-ME6)=SIGN($MF$2-$MG$2),3,IF(OR(MD6=$MF$2,ME6=$MG$2),1,0))))) -> 0 | MJ6: =IF(AND(MH6="",MI6=""),0,IF(AND(MH6=$MJ$2,MI6=$MK$2),5,IF(AND(SIGN(MH6-MI6)=SIGN($MJ$2-$MK$2),OR(MH6=$MJ$2,MI6=$MK$2)),4,IF(SIGN(MH6-MI6)=SIGN($MJ$2-$MK$2),3,IF(OR(MH6=$MJ$2,MI6=$MK$2),1,0))))) -> 0 | ML6: =MB6+MF6+MJ6 -> 0 | MO6: =IF(AND(MM6="",MN6=""),0,IF(AND(MM6=$MO$2,MN6=$MP$2),5,IF(AND(SIGN(MM6-MN6)=SIGN($MO$2-$MP$2),OR(MM6=$MO$2,MN6=$MP$2)),4,IF(SIGN(MM6-MN6)=SIGN($MO$2-$MP$2),3,IF(OR(MM6=$MO$2,MN6=$MP$2),1,0))))) -> 0 | MS6: =IF(AND(MQ6="",MR6=""),0,IF(AND(MQ6=$MS$2,MR6=$MT$2),5,IF(AND(SIGN(MQ6-MR6)=SIGN($MS$2-$MT$2),OR(MQ6=$MS$2,MR6=$MT$2)),4,IF(SIGN(MQ6-MR6)=SIGN($MS$2-$MT$2),3,IF(OR(MQ6=$MS$2,MR6=$MT$2),1,0))))) -> 0 | MW6: =IF(AND(MU6="",MV6=""),0,IF(AND(MU6=$MW$2,MV6=$MX$2),5,IF(AND(SIGN(MU6-MV6)=SIGN($MW$2-$MX$2),OR(MU6=$MW$2,MV6=$MX$2)),4,IF(SIGN(MU6-MV6)=SIGN($MW$2-$MX$2),3,IF(OR(MU6=$MW$2,MV6=$MX$2),1,0))))) -> 0 | MY6: =MO6+MS6+MW6 -> 0 | NB6: =IF(AND(MZ6="",NA6=""),0,IF(AND(MZ6=$NB$2,NA6=$NC$2),5,IF(AND(SIGN(MZ6-NA6)=SIGN($NB$2-$NC$2),OR(MZ6=$NB$2,NA6=$NC$2)),4,IF(SIGN(MZ6-NA6)=SIGN($NB$2-$NC$2),3,IF(OR(MZ6=$NB$2,NA6=$NC$2),1,0))))) -> 0 | NF6: =IF(AND(ND6="",NE6=""),0,IF(AND(ND6=$NF$2,NE6=$NG$2),5,IF(AND(SIGN(ND6-NE6)=SIGN($NF$2-$NG$2),OR(ND6=$NF$2,NE6=$NG$2)),4,IF(SIGN(ND6-NE6)=SIGN($NF$2-$NG$2),3,IF(OR(ND6=$NF$2,NE6=$NG$2),1,0))))) -> 0 | NJ6: =IF(AND(NH6="",NI6=""),0,IF(AND(NH6=$NJ$2,NI6=$NK$2),5,IF(AND(SIGN(NH6-NI6)=SIGN($NJ$2-$NK$2),OR(NH6=$NJ$2,NI6=$NK$2)),4,IF(SIGN(NH6-NI6)=SIGN($NJ$2-$NK$2),3,IF(OR(NH6=$NJ$2,NI6=$NK$2),1,0))))) -> 0 | NL6: =NB6+NF6+NJ6 -> 0 | NO6: =IF(AND(NM6="",NN6=""),0,IF(AND(NM6=$NO$2,NN6=$NP$2),5,IF(AND(SIGN(NM6-NN6)=SIGN($NO$2-$NP$2),OR(NM6=$NO$2,NN6=$NP$2)),4,IF(SIGN(NM6-NN6)=SIGN($NO$2-$NP$2),3,IF(OR(NM6=$NO$2,NN6=$NP$2),1,0))))) -> 0 | NS6: =IF(AND(NQ6="",NR6=""),0,IF(AND(NQ6=$NS$2,NR6=$NT$2),5,IF(AND(SIGN(NQ6-NR6)=SIGN($NS$2-$NT$2),OR(NQ6=$NS$2,NR6=$NT$2)),4,IF(SIGN(NQ6-NR6)=SIGN($NS$2-$NT$2),3,IF(OR(NQ6=$NS$2,NR6=$NT$2),1,0))))) -> 0 | NU6: =NO6+NS6 -> 0 | NX6: =IF(AND(NV6="",NW6=""),0,IF(AND(NV6=$NX$2,NW6=$NY$2),5,IF(AND(SIGN(NV6-NW6)=SIGN($NX$2-$NY$2),OR(NV6=$NX$2,NW6=$NY$2)),4,IF(SIGN(NV6-NW6)=SIGN($NX$2-$NY$2),3,IF(OR(NV6=$NX$2,NW6=$NY$2),1,0))))) -> 0 | OB6: =IF(AND(NZ6="",OA6=""),0,IF(AND(NZ6=$OB$2,OA6=$OC$2),5,IF(AND(SIGN(NZ6-OA6)=SIGN($OB$2-$OC$2),OR(NZ6=$OB$2,OA6=$OC$2)),4,IF(SIGN(NZ6-OA6)=SIGN($OB$2-$OC$2),3,IF(OR(NZ6=$OB$2,OA6=$OC$2),1,0))))) -> 0 | OD6: =NX6+OB6 -> 0 | OG6: =IF(AND(OE6="",OF6=""),0,IF(AND(OE6=$OG$2,OF6=$OH$2),5,IF(AND(SIGN(OE6-OF6)=SIGN($OG$2-$OH$2),OR(OE6=$OG$2,OF6=$OH$2)),4,IF(SIGN(OE6-OF6)=SIGN($OG$2-$OH$2),3,IF(OR(OE6=$OG$2,OF6=$OH$2),1,0))))) -> 0 | OK6: =IF(AND(OI6="",OJ6=""),0,IF(AND(OI6=$OK$2,OJ6=$OL$2),5,IF(AND(SIGN(OI6-OJ6)=SIGN($OK$2-$OL$2),OR(OI6=$OK$2,OJ6=$OL$2)),4,IF(SIGN(OI6-OJ6)=SIGN($OK$2-$OL$2),3,IF(OR(OI6=$OK$2,OJ6=$OL$2),1,0))))) -> 0 | OM6: =OG6+OK6 -> 0 | OP6: =IF(AND(ON6="",OO6=""),0,IF(AND(ON6=$OP$2,OO6=$OQ$2),5,IF(AND(SIGN(ON6-OO6)=SIGN($OP$2-$OQ$2),OR(ON6=$OP$2,OO6=$OQ$2)),4,IF(SIGN(ON6-OO6)=SIGN($OP$2-$OQ$2),3,IF(OR(ON6=$OP$2,OO6=$OQ$2),1,0))))) -> 0 | OT6: =IF(AND(OR6="",OS6=""),0,IF(AND(OR6=$OT$2,OS6=$OU$2),5,IF(AND(SIGN(OR6-OS6)=SIGN($OT$2-$OU$2),OR(OR6=$OT$2,OS6=$OU$2)),4,IF(SIGN(OR6-OS6)=SIGN($OT$2-$OU$2),3,IF(OR(OR6=$OT$2,OS6=$OU$2),1,0))))) -> 0 | OV6: =OP6+OT6 -> 0 | OY6: =IF(AND(OW6="",OX6=""),0,IF(AND(OW6=$OY$2,OX6=$OZ$2),5,IF(AND(SIGN(OW6-OX6)=SIGN($OY$2-$OZ$2),OR(OW6=$OY$2,OX6=$OZ$2)),4,IF(SIGN(OW6-OX6)=SIGN($OY$2-$OZ$2),3,IF(OR(OW6=$OY$2,OX6=$OZ$2),1,0))))) -> 0 | PA6: =OY6 -> 0 | PD6: =IF(AND(PB6="",PC6=""),0,IF(AND(PB6=$PD$2,PC6=$PE$2),5,IF(AND(SIGN(PB6-PC6)=SIGN($PD$2-$PE$2),OR(PB6=$PD$2,PC6=$PE$2)),4,IF(SIGN(PB6-PC6)=SIGN($PD$2-$PE$2),3,IF(OR(PB6=$PD$2,PC6=$PE$2),1,0))))) -> 0 | PF6: =PD6 -> 0 | PI6: =IF(AND(PG6="",PH6=""),0,IF(AND(PG6=$PI$2,PH6=$PJ$2),5,IF(AND(SIGN(PG6-PH6)=SIGN($PI$2-$PJ$2),OR(PG6=$PI$2,PH6=$PJ$2)),4,IF(SIGN(PG6-PH6)=SIGN($PI$2-$PJ$2),3,IF(OR(PG6=$PI$2,PH6=$PJ$2),1,0))))) -> 0 | PM6: =IF(AND(PK6="",PL6=""),0,IF(AND(PK6=$PM$2,PL6=$PN$2),5,IF(AND(SIGN(PK6-PL6)=SIGN($PM$2-$PN$2),OR(PK6=$PM$2,PL6=$PN$2)),4,IF(SIGN(PK6-PL6)=SIGN($PM$2-$PN$2),3,IF(OR(PK6=$PM$2,PL6=$PN$2),1,0))))) -> 0 | PO6: =PI6+PM6 -> 0 | PR6: =IF(AND(PP6="",PQ6=""),0,IF(AND(PP6=$PR$2,PQ6=$PS$2),5,IF(AND(SIGN(PP6-PQ6)=SIGN($PR$2-$PS$2),OR(PP6=$PR$2,PQ6=$PS$2)),4,IF(SIGN(PP6-PQ6)=SIGN($PR$2-$PS$2),3,IF(OR(PP6=$PR$2,PQ6=$PS$2),1,0))))) -> 0 | PT6: =PR6 -> 0 | PW6: =IF(AND(PU6="",PV6=""),0,IF(AND(PU6=$PW$2,PV6=$PX$2),5,IF(AND(SIGN(PU6-PV6)=SIGN($PW$2-$PX$2),OR(PU6=$PW$2,PV6=$PX$2)),4,IF(SIGN(PU6-PV6)=SIGN($PW$2-$PX$2),3,IF(OR(PU6=$PW$2,PV6=$PX$2),1,0))))) -> 0 | PY6: =PW6 -> 0 | QB6: =IF(AND(PZ6="",QA6=""),0,IF(AND(PZ6=$QB$2,QA6=$QC$2),5,IF(AND(SIGN(PZ6-QA6)=SIGN($QB$2-$QC$2),OR(PZ6=$QB$2,QA6=$QC$2)),4,IF(SIGN(PZ6-QA6)=SIGN($QB$2-$QC$2),3,IF(OR(PZ6=$QB$2,QA6=$QC$2),1,0))))) -> 0 | QD6: =QB6 -> 0 | QG6: =IF(AND(QE6="",QF6=""),0,IF(AND(QE6=$QG$2,QF6=$QH$2),5,IF(AND(SIGN(QE6-QF6)=SIGN($QG$2-$QH$2),OR(QE6=$QG$2,QF6=$QH$2)),4,IF(SIGN(QE6-QF6)=SIGN($QG$2-$QH$2),3,IF(OR(QE6=$QG$2,QF6=$QH$2),1,0))))) -> 0 | QI6: =QG6 -> 0
A7: Javier Adames | B7: 2 | C7: 0 | D7: =IF( AND(B7=$D$2, C7=$E$2), 5, IF( AND( SIGN(B7-C7)=SIGN($D$2-$E$2), OR(B7=$D$2, C7=$E$2) ), 4, IF( SIGN(B7-C7)=SIGN($D$2-$E$2), 3, IF( OR(B7=$D$2, C7=$E$2), 1, 0 ) ) )) -> 5 | F7: 1 | G7: 1 | H7: =IF( AND(F7=$H$2, G7=$I$2), 5, IF( AND( SIGN(F7-G7)=SIGN($H$2-$I$2), OR(F7=$H$2, G7=$I$2) ), 4, IF( SIGN(F7-G7)=SIGN($H$2-$I$2), 3, IF( OR(F7=$H$2, G7=$I$2), 1, 0 ) ) )) -> 1 | J7: =D7+H7 -> 6 | K7: 2 | L7: 1 | M7: =IF(AND(K7="",L7=""),0,IF(AND(K7=$M$2,L7=$N$2),5,IF(AND(SIGN(K7-L7)=SIGN($M$2-$N$2),OR(K7=$M$2,L7=$N$2)),4,IF(SIGN(K7-L7)=SIGN($M$2-$N$2),3,IF(OR(K7=$M$2,L7=$N$2),1,0))))) -> 1 | O7: 1 | P7: 1 | Q7: =IF(AND(O7="",P7=""),0,IF(AND(O7=$Q$2,P7=$R$2),5,IF(AND(SIGN(O7-P7)=SIGN($Q$2-$R$2),OR(O7=$Q$2,P7=$R$2)),4,IF(SIGN(O7-P7)=SIGN($Q$2-$R$2),3,IF(OR(O7=$Q$2,P7=$R$2),1,0))))) -> 1 | S7: =M7+Q7 -> 2 | T7: 0 | U7: 2 | V7: =IF(AND(T7="",U7=""),0,IF(AND(T7=$V$2,U7=$W$2),5,IF(AND(SIGN(T7-U7)=SIGN($V$2-$W$2),OR(T7=$V$2,U7=$W$2)),4,IF(SIGN(T7-U7)=SIGN($V$2-$W$2),3,IF(OR(T7=$V$2,U7=$W$2),1,0))))) -> 0 | X7: 2 | Y7: 1 | Z7: =IF(AND(X7="",Y7=""),0,IF(AND(X7=$Z$2,Y7=$AA$2),5,IF(AND(SIGN(X7-Y7)=SIGN($Z$2-$AA$2),OR(X7=$Z$2,Y7=$AA$2)),4,IF(SIGN(X7-Y7)=SIGN($Z$2-$AA$2),3,IF(OR(X7=$Z$2,Y7=$AA$2),1,0))))) -> 1 | AB7: 0 | AC7: 2 | AD7: =IF(AND(AB7="",AC7=""),0,IF(AND(AB7=$AD$2,AC7=$AE$2),5,IF(AND(SIGN(AB7-AC7)=SIGN($AD$2-$AE$2),OR(AB7=$AD$2,AC7=$AE$2)),4,IF(SIGN(AB7-AC7)=SIGN($AD$2-$AE$2),3,IF(OR(AB7=$AD$2,AC7=$AE$2),1,0))))) -> 4 | AF7: 1 | AG7: 1 | AH7: =IF(AND(AF7="",AG7=""),0,IF(AND(AF7=$AH$2,AG7=$AI$2),5,IF(AND(SIGN(AF7-AG7)=SIGN($AH$2-$AI$2),OR(AF7=$AH$2,AG7=$AI$2)),4,IF(SIGN(AF7-AG7)=SIGN($AH$2-$AI$2),3,IF(OR(AF7=$AH$2,AG7=$AI$2),1,0))))) -> 0 | AJ7: =V7+Z7+AD7+AH7 -> 5 | AK7: 3 | AL7: 0 | AM7: =IF(AND(AK7="",AL7=""),0,IF(AND(AK7=$AM$2,AL7=$AN$2),5,IF(AND(SIGN(AK7-AL7)=SIGN($AM$2-$AN$2),OR(AK7=$AM$2,AL7=$AN$2)),4,IF(SIGN(AK7-AL7)=SIGN($AM$2-$AN$2),3,IF(OR(AK7=$AM$2,AL7=$AN$2),1,0))))) -> 3 | AO7: 1 | AP7: 2 | AQ7: =IF(AND(AO7="",AP7=""),0,IF(AND(AO7=$AQ$2,AP7=$AR$2),5,IF(AND(SIGN(AO7-AP7)=SIGN($AQ$2-$AR$2),OR(AO7=$AQ$2,AP7=$AR$2)),4,IF(SIGN(AO7-AP7)=SIGN($AQ$2-$AR$2),3,IF(OR(AO7=$AQ$2,AP7=$AR$2),1,0))))) -> 1 | AS7: 1 | AT7: 1 | AU7: =IF(AND(AS7="",AT7=""),0,IF(AND(AS7=$AU$2,AT7=$AV$2),5,IF(AND(SIGN(AS7-AT7)=SIGN($AU$2-$AV$2),OR(AS7=$AU$2,AT7=$AV$2)),4,IF(SIGN(AS7-AT7)=SIGN($AU$2-$AV$2),3,IF(OR(AS7=$AU$2,AT7=$AV$2),1,0))))) -> 1 | AW7: 1 | AX7: 1 | AY7: =IF(AND(AW7="",AX7=""),0,IF(AND(AW7=$AY$2,AX7=$AZ$2),5,IF(AND(SIGN(AW7-AX7)=SIGN($AY$2-$AZ$2),OR(AW7=$AY$2,AX7=$AZ$2)),4,IF(SIGN(AW7-AX7)=SIGN($AY$2-$AZ$2),3,IF(OR(AW7=$AY$2,AX7=$AZ$2),1,0))))) -> 1 | BA7: =AM7+AQ7+AU7+AY7 -> 6 | BB7: 3 | BC7: 0 | BD7: =IF(AND(BB7="",BC7=""),0,IF(AND(BB7=$BD$2,BC7=$BE$2),5,IF(AND(SIGN(BB7-BC7)=SIGN($BD$2-$BE$2),OR(BB7=$BD$2,BC7=$BE$2)),4,IF(SIGN(BB7-BC7)=SIGN($BD$2-$BE$2),3,IF(OR(BB7=$BD$2,BC7=$BE$2),1,0))))) -> 1 | BF7: 2 | BG7: 1 | BH7: =IF(AND(BF7="",BG7=""),0,IF(AND(BF7=$BH$2,BG7=$BI$2),5,IF(AND(SIGN(BF7-BG7)=SIGN($BH$2-$BI$2),OR(BF7=$BH$2,BG7=$BI$2)),4,IF(SIGN(BF7-BG7)=SIGN($BH$2-$BI$2),3,IF(OR(BF7=$BH$2,BG7=$BI$2),1,0))))) -> 1 | BJ7: 0 | BK7: 2 | BL7: =IF(AND(BJ7="",BK7=""),0,IF(AND(BJ7=$BL$2,BK7=$BM$2),5,IF(AND(SIGN(BJ7-BK7)=SIGN($BL$2-$BM$2),OR(BJ7=$BL$2,BK7=$BM$2)),4,IF(SIGN(BJ7-BK7)=SIGN($BL$2-$BM$2),3,IF(OR(BJ7=$BL$2,BK7=$BM$2),1,0))))) -> 0 | BN7: 1 | BO7: 1 | BP7: =IF(AND(BN7="",BO7=""),0,IF(AND(BN7=$BP$2,BO7=$BQ$2),5,IF(AND(SIGN(BN7-BO7)=SIGN($BP$2-$BQ$2),OR(BN7=$BP$2,BO7=$BQ$2)),4,IF(SIGN(BN7-BO7)=SIGN($BP$2-$BQ$2),3,IF(OR(BN7=$BP$2,BO7=$BQ$2),1,0))))) -> 3 | BR7: =BD7+BH7+BL7+BP7 -> 5 | BS7: 3 | BT7: 1 | BU7: =IF(AND(BS7="",BT7=""),0,IF(AND(BS7=$BU$2,BT7=$BV$2),5,IF(AND(SIGN(BS7-BT7)=SIGN($BU$2-$BV$2),OR(BS7=$BU$2,BT7=$BV$2)),4,IF(SIGN(BS7-BT7)=SIGN($BU$2-$BV$2),3,IF(OR(BS7=$BU$2,BT7=$BV$2),1,0))))) -> 5 | BW7: 2 | BX7: 2 | BY7: =IF(AND(BW7="",BX7=""),0,IF(AND(BW7=$BY$2,BX7=$BZ$2),5,IF(AND(SIGN(BW7-BX7)=SIGN($BY$2-$BZ$2),OR(BW7=$BY$2,BX7=$BZ$2)),4,IF(SIGN(BW7-BX7)=SIGN($BY$2-$BZ$2),3,IF(OR(BW7=$BY$2,BX7=$BZ$2),1,0))))) -> 0 | CA7: 3 | CB7: 1 | CC7: =IF(AND(CA7="",CB7=""),0,IF(AND(CA7=$CC$2,CB7=$CD$2),5,IF(AND(SIGN(CA7-CB7)=SIGN($CC$2-$CD$2),OR(CA7=$CC$2,CB7=$CD$2)),4,IF(SIGN(CA7-CB7)=SIGN($CC$2-$CD$2),3,IF(OR(CA7=$CC$2,CB7=$CD$2),1,0))))) -> 4 | CE7: 2 | CF7: 1 | CG7: =IF(AND(CE7="",CF7=""),0,IF(AND(CE7=$CG$2,CF7=$CH$2),5,IF(AND(SIGN(CE7-CF7)=SIGN($CG$2-$CH$2),OR(CE7=$CG$2,CF7=$CH$2)),4,IF(SIGN(CE7-CF7)=SIGN($CG$2-$CH$2),3,IF(OR(CE7=$CG$2,CF7=$CH$2),1,0))))) -> 4 | CI7: =BU7+BY7+CC7+CG7 -> 13 | CJ7: 3 | CK7: 1 | CL7: =IF(AND(CJ7="",CK7=""),0,IF(AND(CJ7=$CL$2,CK7=$CM$2),5,IF(AND(SIGN(CJ7-CK7)=SIGN($CL$2-$CM$2),OR(CJ7=$CL$2,CK7=$CM$2)),4,IF(SIGN(CJ7-CK7)=SIGN($CL$2-$CM$2),3,IF(OR(CJ7=$CL$2,CK7=$CM$2),1,0))))) -> 1 | CN7: 1 | CO7: 1 | CP7: =IF(AND(CN7="",CO7=""),0,IF(AND(CN7=$CP$2,CO7=$CQ$2),5,IF(AND(SIGN(CN7-CO7)=SIGN($CP$2-$CQ$2),OR(CN7=$CP$2,CO7=$CQ$2)),4,IF(SIGN(CN7-CO7)=SIGN($CP$2-$CQ$2),3,IF(OR(CN7=$CP$2,CO7=$CQ$2),1,0))))) -> 0 | CR7: 2 | CS7: 1 | CT7: =IF(AND(CR7="",CS7=""),0,IF(AND(CR7=$CT$2,CS7=$CU$2),5,IF(AND(SIGN(CR7-CS7)=SIGN($CT$2-$CU$2),OR(CR7=$CT$2,CS7=$CU$2)),4,IF(SIGN(CR7-CS7)=SIGN($CT$2-$CU$2),3,IF(OR(CR7=$CT$2,CS7=$CU$2),1,0))))) -> 3 | CV7: 1 | CW7: 2 | CX7: =IF(AND(CV7="",CW7=""),0,IF(AND(CV7=$CX$2,CW7=$CY$2),5,IF(AND(SIGN(CV7-CW7)=SIGN($CX$2-$CY$2),OR(CV7=$CX$2,CW7=$CY$2)),4,IF(SIGN(CV7-CW7)=SIGN($CX$2-$CY$2),3,IF(OR(CV7=$CX$2,CW7=$CY$2),1,0))))) -> 4 | CZ7: =CL7+CP7+CT7+CX7 -> 8 | DA7: 2 | DB7: 1 | DC7: =IF(AND(DA7="",DB7=""),0,IF(AND(DA7=$DC$2,DB7=$DD$2),5,IF(AND(SIGN(DA7-DB7)=SIGN($DC$2-$DD$2),OR(DA7=$DC$2,DB7=$DD$2)),4,IF(SIGN(DA7-DB7)=SIGN($DC$2-$DD$2),3,IF(OR(DA7=$DC$2,DB7=$DD$2),1,0))))) -> 1 | DE7: 1 | DF7: 2 | DG7: =IF(AND(DE7="",DF7=""),0,IF(AND(DE7=$DG$2,DF7=$DH$2),5,IF(AND(SIGN(DE7-DF7)=SIGN($DG$2-$DH$2),OR(DE7=$DG$2,DF7=$DH$2)),4,IF(SIGN(DE7-DF7)=SIGN($DG$2-$DH$2),3,IF(OR(DE7=$DG$2,DF7=$DH$2),1,0))))) -> 0 | DI7: 2 | DJ7: 0 | DK7: =IF(AND(DI7="",DJ7=""),0,IF(AND(DI7=$DK$2,DJ7=$DL$2),5,IF(AND(SIGN(DI7-DJ7)=SIGN($DK$2-$DL$2),OR(DI7=$DK$2,DJ7=$DL$2)),4,IF(SIGN(DI7-DJ7)=SIGN($DK$2-$DL$2),3,IF(OR(DI7=$DK$2,DJ7=$DL$2),1,0))))) -> 4 | DM7: 2 | DN7: 2 | DO7: =IF(AND(DM7="",DN7=""),0,IF(AND(DM7=$DO$2,DN7=$DP$2),5,IF(AND(SIGN(DM7-DN7)=SIGN($DO$2-$DP$2),OR(DM7=$DO$2,DN7=$DP$2)),4,IF(SIGN(DM7-DN7)=SIGN($DO$2-$DP$2),3,IF(OR(DM7=$DO$2,DN7=$DP$2),1,0))))) -> 0 | DQ7: =DC7+DG7+DK7+DO7 -> 5 | DR7: 2 | DS7: 1 | DT7: =IF(AND(DR7="",DS7=""),0,IF(AND(DR7=$DT$2,DS7=$DU$2),5,IF(AND(SIGN(DR7-DS7)=SIGN($DT$2-$DU$2),OR(DR7=$DT$2,DS7=$DU$2)),4,IF(SIGN(DR7-DS7)=SIGN($DT$2-$DU$2),3,IF(OR(DR7=$DT$2,DS7=$DU$2),1,0))))) -> 4 | DV7: 1 | DW7: 2 | DX7: =IF(AND(DV7="",DW7=""),0,IF(AND(DV7=$DX$2,DW7=$DY$2),5,IF(AND(SIGN(DV7-DW7)=SIGN($DX$2-$DY$2),OR(DV7=$DX$2,DW7=$DY$2)),4,IF(SIGN(DV7-DW7)=SIGN($DX$2-$DY$2),3,IF(OR(DV7=$DX$2,DW7=$DY$2),1,0))))) -> 3 | DZ7: 3 | EA7: 0 | EB7: =IF(AND(DZ7="",EA7=""),0,IF(AND(DZ7=$EB$2,EA7=$EC$2),5,IF(AND(SIGN(DZ7-EA7)=SIGN($EB$2-$EC$2),OR(DZ7=$EB$2,EA7=$EC$2)),4,IF(SIGN(DZ7-EA7)=SIGN($EB$2-$EC$2),3,IF(OR(DZ7=$EB$2,EA7=$EC$2),1,0))))) -> 5 | ED7: 2 | EE7: 1 | EF7: =IF(AND(ED7="",EE7=""),0,IF(AND(ED7=$EF$2,EE7=$EG$2),5,IF(AND(SIGN(ED7-EE7)=SIGN($EF$2-$EG$2),OR(ED7=$EF$2,EE7=$EG$2)),4,IF(SIGN(ED7-EE7)=SIGN($EF$2-$EG$2),3,IF(OR(ED7=$EF$2,EE7=$EG$2),1,0))))) -> 1 | EH7: 6.5 | EI7: 2 | EJ7: 1 | EK7: =IF(AND(EI7="",EJ7=""),0,IF(AND(EI7=$EK$2,EJ7=$EL$2),5,IF(AND(SIGN(EI7-EJ7)=SIGN($EK$2-$EL$2),OR(EI7=$EK$2,EJ7=$EL$2)),4,IF(SIGN(EI7-EJ7)=SIGN($EK$2-$EL$2),3,IF(OR(EI7=$EK$2,EJ7=$EL$2),1,0))))) -> 4 | EM7: 3 | EN7: 1 | EO7: =IF(AND(EM7="",EN7=""),0,IF(AND(EM7=$EO$2,EN7=$EP$2),5,IF(AND(SIGN(EM7-EN7)=SIGN($EO$2-$EP$2),OR(EM7=$EO$2,EN7=$EP$2)),4,IF(SIGN(EM7-EN7)=SIGN($EO$2-$EP$2),3,IF(OR(EM7=$EO$2,EN7=$EP$2),1,0))))) -> 4 | EQ7: 2 | ER7: 1 | ES7: =IF(AND(EQ7="",ER7=""),0,IF(AND(EQ7=$ES$2,ER7=$ET$2),5,IF(AND(SIGN(EQ7-ER7)=SIGN($ES$2-$ET$2),OR(EQ7=$ES$2,ER7=$ET$2)),4,IF(SIGN(EQ7-ER7)=SIGN($ES$2-$ET$2),3,IF(OR(EQ7=$ES$2,ER7=$ET$2),1,0))))) -> 0 | EU7: 1 | EV7: 3 | EW7: =IF(AND(EU7="",EV7=""),0,IF(AND(EU7=$EW$2,EV7=$EX$2),5,IF(AND(SIGN(EU7-EV7)=SIGN($EW$2-$EX$2),OR(EU7=$EW$2,EV7=$EX$2)),4,IF(SIGN(EU7-EV7)=SIGN($EW$2-$EX$2),3,IF(OR(EU7=$EW$2,EV7=$EX$2),1,0))))) -> 3 | EY7: =EK7+EO7+ES7+EW7 -> 11 | EZ7: 3 | FA7: 1 | FD7: 2 | FE7: 0 | FH7: 3 | FI7: 0 | FL7: 1 | FM7: 1 | FP7: =FB7+FF7+FJ7+FN7 -> 0 | FS7: =IF(AND(FQ7="",FR7=""),0,IF(AND(FQ7=$FS$2,FR7=$FT$2),5,IF(AND(SIGN(FQ7-FR7)=SIGN($FS$2-$FT$2),OR(FQ7=$FS$2,FR7=$FT$2)),4,IF(SIGN(FQ7-FR7)=SIGN($FS$2-$FT$2),3,IF(OR(FQ7=$FS$2,FR7=$FT$2),1,0))))) -> 0 | FW7: =IF(AND(FU7="",FV7=""),0,IF(AND(FU7=$FW$2,FV7=$FX$2),5,IF(AND(SIGN(FU7-FV7)=SIGN($FW$2-$FX$2),OR(FU7=$FW$2,FV7=$FX$2)),4,IF(SIGN(FU7-FV7)=SIGN($FW$2-$FX$2),3,IF(OR(FU7=$FW$2,FV7=$FX$2),1,0))))) -> 0 | GA7: =IF(AND(FY7="",FZ7=""),0,IF(AND(FY7=$GA$2,FZ7=$GB$2),5,IF(AND(SIGN(FY7-FZ7)=SIGN($GA$2-$GB$2),OR(FY7=$GA$2,FZ7=$GB$2)),4,IF(SIGN(FY7-FZ7)=SIGN($GA$2-$GB$2),3,IF(OR(FY7=$GA$2,FZ7=$GB$2),1,0))))) -> 0 | GE7: =IF(AND(GC7="",GD7=""),0,IF(AND(GC7=$GE$2,GD7=$GF$2),5,IF(AND(SIGN(GC7-GD7)=SIGN($GE$2-$GF$2),OR(GC7=$GE$2,GD7=$GF$2)),4,IF(SIGN(GC7-GD7)=SIGN($GE$2-$GF$2),3,IF(OR(GC7=$GE$2,GD7=$GF$2),1,0))))) -> 0 | GG7: =FS7+FW7+GA7+GE7 -> 0 | GJ7: =IF(AND(GH7="",GI7=""),0,IF(AND(GH7=$GJ$2,GI7=$GK$2),5,IF(AND(SIGN(GH7-GI7)=SIGN($GJ$2-$GK$2),OR(GH7=$GJ$2,GI7=$GK$2)),4,IF(SIGN(GH7-GI7)=SIGN($GJ$2-$GK$2),3,IF(OR(GH7=$GJ$2,GI7=$GK$2),1,0))))) -> 0 | GN7: =IF(AND(GL7="",GM7=""),0,IF(AND(GL7=$GN$2,GM7=$GO$2),5,IF(AND(SIGN(GL7-GM7)=SIGN($GN$2-$GO$2),OR(GL7=$GN$2,GM7=$GO$2)),4,IF(SIGN(GL7-GM7)=SIGN($GN$2-$GO$2),3,IF(OR(GL7=$GN$2,GM7=$GO$2),1,0))))) -> 0 | GR7: =IF(AND(GP7="",GQ7=""),0,IF(AND(GP7=$GR$2,GQ7=$GS$2),5,IF(AND(SIGN(GP7-GQ7)=SIGN($GR$2-$GS$2),OR(GP7=$GR$2,GQ7=$GS$2)),4,IF(SIGN(GP7-GQ7)=SIGN($GR$2-$GS$2),3,IF(OR(GP7=$GR$2,GQ7=$GS$2),1,0))))) -> 0 | GV7: =IF(AND(GT7="",GU7=""),0,IF(AND(GT7=$GV$2,GU7=$GW$2),5,IF(AND(SIGN(GT7-GU7)=SIGN($GV$2-$GW$2),OR(GT7=$GV$2,GU7=$GW$2)),4,IF(SIGN(GT7-GU7)=SIGN($GV$2-$GW$2),3,IF(OR(GT7=$GV$2,GU7=$GW$2),1,0))))) -> 0 | GX7: =GJ7+GN7+GR7+GV7 -> 0 | HA7: =IF(AND(GY7="",GZ7=""),0,IF(AND(GY7=$HA$2,GZ7=$HB$2),5,IF(AND(SIGN(GY7-GZ7)=SIGN($HA$2-$HB$2),OR(GY7=$HA$2,GZ7=$HB$2)),4,IF(SIGN(GY7-GZ7)=SIGN($HA$2-$HB$2),3,IF(OR(GY7=$HA$2,GZ7=$HB$2),1,0))))) -> 0 | HE7: =IF(AND(HC7="",HD7=""),0,IF(AND(HC7=$HE$2,HD7=$HF$2),5,IF(AND(SIGN(HC7-HD7)=SIGN($HE$2-$HF$2),OR(HC7=$HE$2,HD7=$HF$2)),4,IF(SIGN(HC7-HD7)=SIGN($HE$2-$HF$2),3,IF(OR(HC7=$HE$2,HD7=$HF$2),1,0))))) -> 0 | HI7: =IF(AND(HG7="",HH7=""),0,IF(AND(HG7=$HI$2,HH7=$HJ$2),5,IF(AND(SIGN(HG7-HH7)=SIGN($HI$2-$HJ$2),OR(HG7=$HI$2,HH7=$HJ$2)),4,IF(SIGN(HG7-HH7)=SIGN($HI$2-$HJ$2),3,IF(OR(HG7=$HI$2,HH7=$HJ$2),1,0))))) -> 0 | HM7: =IF(AND(HK7="",HL7=""),0,IF(AND(HK7=$HM$2,HL7=$HN$2),5,IF(AND(SIGN(HK7-HL7)=SIGN($HM$2-$HN$2),OR(HK7=$HM$2,HL7=$HN$2)),4,IF(SIGN(HK7-HL7)=SIGN($HM$2-$HN$2),3,IF(OR(HK7=$HM$2,HL7=$HN$2),1,0))))) -> 0 | HQ7: =IF(AND(HO7="",HP7=""),0,IF(AND(HO7=$HQ$2,HP7=$HR$2),5,IF(AND(SIGN(HO7-HP7)=SIGN($HQ$2-$HR$2),OR(HO7=$HQ$2,HP7=$HR$2)),4,IF(SIGN(HO7-HP7)=SIGN($HQ$2-$HR$2),3,IF(OR(HO7=$HQ$2,HP7=$HR$2),1,0))))) -> 0 | HU7: =IF(AND(HS7="",HT7=""),0,IF(AND(HS7=$HU$2,HT7=$HV$2),5,IF(AND(SIGN(HS7-HT7)=SIGN($HU$2-$HV$2),OR(HS7=$HU$2,HT7=$HV$2)),4,IF(SIGN(HS7-HT7)=SIGN($HU$2-$HV$2),3,IF(OR(HS7=$HU$2,HT7=$HV$2),1,0))))) -> 0 | HW7: =HI7+HM7+HQ7+HU7+HE7+HA7 -> 0 | HZ7: =IF(AND(HX7="",HY7=""),0,IF(AND(HX7=$HZ$2,HY7=$IA$2),5,IF(AND(SIGN(HX7-HY7)=SIGN($HZ$2-$IA$2),OR(HX7=$HZ$2,HY7=$IA$2)),4,IF(SIGN(HX7-HY7)=SIGN($HZ$2-$IA$2),3,IF(OR(HX7=$HZ$2,HY7=$IA$2),1,0))))) -> 0 | ID7: =IF(AND(IB7="",IC7=""),0,IF(AND(IB7=$ID$2,IC7=$IE$2),5,IF(AND(SIGN(IB7-IC7)=SIGN($ID$2-$IE$2),OR(IB7=$ID$2,IC7=$IE$2)),4,IF(SIGN(IB7-IC7)=SIGN($ID$2-$IE$2),3,IF(OR(IB7=$ID$2,IC7=$IE$2),1,0))))) -> 0 | IH7: =IF(AND(IF7="",IG7=""),0,IF(AND(IF7=$IH$2,IG7=$II$2),5,IF(AND(SIGN(IF7-IG7)=SIGN($IH$2-$II$2),OR(IF7=$IH$2,IG7=$II$2)),4,IF(SIGN(IF7-IG7)=SIGN($IH$2-$II$2),3,IF(OR(IF7=$IH$2,IG7=$II$2),1,0))))) -> 0 | IL7: =IF(AND(IJ7="",IK7=""),0,IF(AND(IJ7=$IL$2,IK7=$IM$2),5,IF(AND(SIGN(IJ7-IK7)=SIGN($IL$2-$IM$2),OR(IJ7=$IL$2,IK7=$IM$2)),4,IF(SIGN(IJ7-IK7)=SIGN($IL$2-$IM$2),3,IF(OR(IJ7=$IL$2,IK7=$IM$2),1,0))))) -> 0 | IP7: =IF(AND(IN7="",IO7=""),0,IF(AND(IN7=$IP$2,IO7=$IQ$2),5,IF(AND(SIGN(IN7-IO7)=SIGN($IP$2-$IQ$2),OR(IN7=$IP$2,IO7=$IQ$2)),4,IF(SIGN(IN7-IO7)=SIGN($IP$2-$IQ$2),3,IF(OR(IN7=$IP$2,IO7=$IQ$2),1,0))))) -> 0 | IT7: =IF(AND(IR7="",IS7=""),0,IF(AND(IR7=$IT$2,IS7=$IU$2),5,IF(AND(SIGN(IR7-IS7)=SIGN($IT$2-$IU$2),OR(IR7=$IT$2,IS7=$IU$2)),4,IF(SIGN(IR7-IS7)=SIGN($IT$2-$IU$2),3,IF(OR(IR7=$IT$2,IS7=$IU$2),1,0))))) -> 0 | IV7: =IH7+IL7+IP7+IT7+ID7+HZ7 -> 0 | IY7: =IF(AND(IW7="",IX7=""),0,IF(AND(IW7=$IY$2,IX7=$IZ$2),5,IF(AND(SIGN(IW7-IX7)=SIGN($IY$2-$IZ$2),OR(IW7=$IY$2,IX7=$IZ$2)),4,IF(SIGN(IW7-IX7)=SIGN($IY$2-$IZ$2),3,IF(OR(IW7=$IY$2,IX7=$IZ$2),1,0))))) -> 0 | JC7: =IF(AND(JA7="",JB7=""),0,IF(AND(JA7=$JC$2,JB7=$JD$2),5,IF(AND(SIGN(JA7-JB7)=SIGN($JC$2-$JD$2),OR(JA7=$JC$2,JB7=$JD$2)),4,IF(SIGN(JA7-JB7)=SIGN($JC$2-$JD$2),3,IF(OR(JA7=$JC$2,JB7=$JD$2),1,0))))) -> 0 | JG7: =IF(AND(JE7="",JF7=""),0,IF(AND(JE7=$JG$2,JF7=$JH$2),5,IF(AND(SIGN(JE7-JF7)=SIGN($JG$2-$JH$2),OR(JE7=$JG$2,JF7=$JH$2)),4,IF(SIGN(JE7-JF7)=SIGN($JG$2-$JH$2),3,IF(OR(JE7=$JG$2,JF7=$JH$2),1,0))))) -> 0 | JK7: =IF(AND(JI7="",JJ7=""),0,IF(AND(JI7=$JK$2,JJ7=$JL$2),5,IF(AND(SIGN(JI7-JJ7)=SIGN($JK$2-$JL$2),OR(JI7=$JK$2,JJ7=$JL$2)),4,IF(SIGN(JI7-JJ7)=SIGN($JK$2-$JL$2),3,IF(OR(JI7=$JK$2,JJ7=$JL$2),1,0))))) -> 0 | JO7: =IF(AND(JM7="",JN7=""),0,IF(AND(JM7=$JO$2,JN7=$JP$2),5,IF(AND(SIGN(JM7-JN7)=SIGN($JO$2-$JP$2),OR(JM7=$JO$2,JN7=$JP$2)),4,IF(SIGN(JM7-JN7)=SIGN($JO$2-$JP$2),3,IF(OR(JM7=$JO$2,JN7=$JP$2),1,0))))) -> 0 | JS7: =IF(AND(JQ7="",JR7=""),0,IF(AND(JQ7=$JS$2,JR7=$JT$2),5,IF(AND(SIGN(JQ7-JR7)=SIGN($JS$2-$JT$2),OR(JQ7=$JS$2,JR7=$JT$2)),4,IF(SIGN(JQ7-JR7)=SIGN($JS$2-$JT$2),3,IF(OR(JQ7=$JS$2,JR7=$JT$2),1,0))))) -> 0 | JU7: =JG7+JK7+JO7+JS7+JC7+IY7 -> 0 | JX7: =IF(AND(JV7="",JW7=""),0,IF(AND(JV7=$JX$2,JW7=$JY$2),5,IF(AND(SIGN(JV7-JW7)=SIGN($JX$2-$JY$2),OR(JV7=$JX$2,JW7=$JY$2)),4,IF(SIGN(JV7-JW7)=SIGN($JX$2-$JY$2),3,IF(OR(JV7=$JX$2,JW7=$JY$2),1,0))))) -> 0 | KB7: =IF(AND(JZ7="",KA7=""),0,IF(AND(JZ7=$KB$2,KA7=$KC$2),5,IF(AND(SIGN(JZ7-KA7)=SIGN($KB$2-$KC$2),OR(JZ7=$KB$2,KA7=$KC$2)),4,IF(SIGN(JZ7-KA7)=SIGN($KB$2-$KC$2),3,IF(OR(JZ7=$KB$2,KA7=$KC$2),1,0))))) -> 0 | KF7: =IF(AND(KD7="",KE7=""),0,IF(AND(KD7=$KF$2,KE7=$KG$2),5,IF(AND(SIGN(KD7-KE7)=SIGN($KF$2-$KG$2),OR(KD7=$KF$2,KE7=$KG$2)),4,IF(SIGN(KD7-KE7)=SIGN($KF$2-$KG$2),3,IF(OR(KD7=$KF$2,KE7=$KG$2),1,0))))) -> 0 | KJ7: =IF(AND(KH7="",KI7=""),0,IF(AND(KH7=$KJ$2,KI7=$KK$2),5,IF(AND(SIGN(KH7-KI7)=SIGN($KJ$2-$KK$2),OR(KH7=$KJ$2,KI7=$KK$2)),4,IF(SIGN(KH7-KI7)=SIGN($KJ$2-$KK$2),3,IF(OR(KH7=$KJ$2,KI7=$KK$2),1,0))))) -> 0 | KN7: =IF(AND(KL7="",KM7=""),0,IF(AND(KL7=$KN$2,KM7=$KO$2),5,IF(AND(SIGN(KL7-KM7)=SIGN($KN$2-$KO$2),OR(KL7=$KN$2,KM7=$KO$2)),4,IF(SIGN(KL7-KM7)=SIGN($KN$2-$KO$2),3,IF(OR(KL7=$KN$2,KM7=$KO$2),1,0))))) -> 0 | KR7: =IF(AND(KP7="",KQ7=""),0,IF(AND(KP7=$KR$2,KQ7=$KS$2),5,IF(AND(SIGN(KP7-KQ7)=SIGN($KR$2-$KS$2),OR(KP7=$KR$2,KQ7=$KS$2)),4,IF(SIGN(KP7-KQ7)=SIGN($KR$2-$KS$2),3,IF(OR(KP7=$KR$2,KQ7=$KS$2),1,0))))) -> 0 | KT7: =KF7+KJ7+KN7+KR7+KB7+JX7 -> 0 | KW7: =IF(AND(KU7="",KV7=""),0,IF(AND(KU7=$KW$2,KV7=$KX$2),5,IF(AND(SIGN(KU7-KV7)=SIGN($KW$2-$KX$2),OR(KU7=$KW$2,KV7=$KX$2)),4,IF(SIGN(KU7-KV7)=SIGN($KW$2-$KX$2),3,IF(OR(KU7=$KW$2,KV7=$KX$2),1,0))))) -> 0 | KY7: =KW7 -> 0 | LB7: =IF(AND(KZ7="",LA7=""),0,IF(AND(KZ7=$LB$2,LA7=$LC$2),5,IF(AND(SIGN(KZ7-LA7)=SIGN($LB$2-$LC$2),OR(KZ7=$LB$2,LA7=$LC$2)),4,IF(SIGN(KZ7-LA7)=SIGN($LB$2-$LC$2),3,IF(OR(KZ7=$LB$2,LA7=$LC$2),1,0))))) -> 0 | LF7: =IF(AND(LD7="",LE7=""),0,IF(AND(LD7=$LF$2,LE7=$LG$2),5,IF(AND(SIGN(LD7-LE7)=SIGN($LF$2-$LG$2),OR(LD7=$LF$2,LE7=$LG$2)),4,IF(SIGN(LD7-LE7)=SIGN($LF$2-$LG$2),3,IF(OR(LD7=$LF$2,LE7=$LG$2),1,0))))) -> 0 | LJ7: =IF(AND(LH7="",LI7=""),0,IF(AND(LH7=$LJ$2,LI7=$LK$2),5,IF(AND(SIGN(LH7-LI7)=SIGN($LJ$2-$LK$2),OR(LH7=$LJ$2,LI7=$LK$2)),4,IF(SIGN(LH7-LI7)=SIGN($LJ$2-$LK$2),3,IF(OR(LH7=$LJ$2,LI7=$LK$2),1,0))))) -> 0 | LL7: =LB7+LF7+LJ7 -> 0 | LO7: =IF(AND(LM7="",LN7=""),0,IF(AND(LM7=$LO$2,LN7=$LP$2),5,IF(AND(SIGN(LM7-LN7)=SIGN($LO$2-$LP$2),OR(LM7=$LO$2,LN7=$LP$2)),4,IF(SIGN(LM7-LN7)=SIGN($LO$2-$LP$2),3,IF(OR(LM7=$LO$2,LN7=$LP$2),1,0))))) -> 0 | LS7: =IF(AND(LQ7="",LR7=""),0,IF(AND(LQ7=$LS$2,LR7=$LT$2),5,IF(AND(SIGN(LQ7-LR7)=SIGN($LS$2-$LT$2),OR(LQ7=$LS$2,LR7=$LT$2)),4,IF(SIGN(LQ7-LR7)=SIGN($LS$2-$LT$2),3,IF(OR(LQ7=$LS$2,LR7=$LT$2),1,0))))) -> 0 | LW7: =IF(AND(LU7="",LV7=""),0,IF(AND(LU7=$LW$2,LV7=$LX$2),5,IF(AND(SIGN(LU7-LV7)=SIGN($LW$2-$LX$2),OR(LU7=$LW$2,LV7=$LX$2)),4,IF(SIGN(LU7-LV7)=SIGN($LW$2-$LX$2),3,IF(OR(LU7=$LW$2,LV7=$LX$2),1,0))))) -> 0 | LY7: =LO7+LS7+LW7 -> 0 | MB7: =IF(AND(LZ7="",MA7=""),0,IF(AND(LZ7=$MB$2,MA7=$MC$2),5,IF(AND(SIGN(LZ7-MA7)=SIGN($MB$2-$MC$2),OR(LZ7=$MB$2,MA7=$MC$2)),4,IF(SIGN(LZ7-MA7)=SIGN($MB$2-$MC$2),3,IF(OR(LZ7=$MB$2,MA7=$MC$2),1,0))))) -> 0 | MF7: =IF(AND(MD7="",ME7=""),0,IF(AND(MD7=$MF$2,ME7=$MG$2),5,IF(AND(SIGN(MD7-ME7)=SIGN($MF$2-$MG$2),OR(MD7=$MF$2,ME7=$MG$2)),4,IF(SIGN(MD7-ME7)=SIGN($MF$2-$MG$2),3,IF(OR(MD7=$MF$2,ME7=$MG$2),1,0))))) -> 0 | MJ7: =IF(AND(MH7="",MI7=""),0,IF(AND(MH7=$MJ$2,MI7=$MK$2),5,IF(AND(SIGN(MH7-MI7)=SIGN($MJ$2-$MK$2),OR(MH7=$MJ$2,MI7=$MK$2)),4,IF(SIGN(MH7-MI7)=SIGN($MJ$2-$MK$2),3,IF(OR(MH7=$MJ$2,MI7=$MK$2),1,0))))) -> 0 | ML7: =MB7+MF7+MJ7 -> 0 | MO7: =IF(AND(MM7="",MN7=""),0,IF(AND(MM7=$MO$2,MN7=$MP$2),5,IF(AND(SIGN(MM7-MN7)=SIGN($MO$2-$MP$2),OR(MM7=$MO$2,MN7=$MP$2)),4,IF(SIGN(MM7-MN7)=SIGN($MO$2-$MP$2),3,IF(OR(MM7=$MO$2,MN7=$MP$2),1,0))))) -> 0 | MS7: =IF(AND(MQ7="",MR7=""),0,IF(AND(MQ7=$MS$2,MR7=$MT$2),5,IF(AND(SIGN(MQ7-MR7)=SIGN($MS$2-$MT$2),OR(MQ7=$MS$2,MR7=$MT$2)),4,IF(SIGN(MQ7-MR7)=SIGN($MS$2-$MT$2),3,IF(OR(MQ7=$MS$2,MR7=$MT$2),1,0))))) -> 0 | MW7: =IF(AND(MU7="",MV7=""),0,IF(AND(MU7=$MW$2,MV7=$MX$2),5,IF(AND(SIGN(MU7-MV7)=SIGN($MW$2-$MX$2),OR(MU7=$MW$2,MV7=$MX$2)),4,IF(SIGN(MU7-MV7)=SIGN($MW$2-$MX$2),3,IF(OR(MU7=$MW$2,MV7=$MX$2),1,0))))) -> 0 | MY7: =MO7+MS7+MW7 -> 0 | NB7: =IF(AND(MZ7="",NA7=""),0,IF(AND(MZ7=$NB$2,NA7=$NC$2),5,IF(AND(SIGN(MZ7-NA7)=SIGN($NB$2-$NC$2),OR(MZ7=$NB$2,NA7=$NC$2)),4,IF(SIGN(MZ7-NA7)=SIGN($NB$2-$NC$2),3,IF(OR(MZ7=$NB$2,NA7=$NC$2),1,0))))) -> 0 | NF7: =IF(AND(ND7="",NE7=""),0,IF(AND(ND7=$NF$2,NE7=$NG$2),5,IF(AND(SIGN(ND7-NE7)=SIGN($NF$2-$NG$2),OR(ND7=$NF$2,NE7=$NG$2)),4,IF(SIGN(ND7-NE7)=SIGN($NF$2-$NG$2),3,IF(OR(ND7=$NF$2,NE7=$NG$2),1,0))))) -> 0 | NJ7: =IF(AND(NH7="",NI7=""),0,IF(AND(NH7=$NJ$2,NI7=$NK$2),5,IF(AND(SIGN(NH7-NI7)=SIGN($NJ$2-$NK$2),OR(NH7=$NJ$2,NI7=$NK$2)),4,IF(SIGN(NH7-NI7)=SIGN($NJ$2-$NK$2),3,IF(OR(NH7=$NJ$2,NI7=$NK$2),1,0))))) -> 0 | NL7: =NB7+NF7+NJ7 -> 0 | NO7: =IF(AND(NM7="",NN7=""),0,IF(AND(NM7=$NO$2,NN7=$NP$2),5,IF(AND(SIGN(NM7-NN7)=SIGN($NO$2-$NP$2),OR(NM7=$NO$2,NN7=$NP$2)),4,IF(SIGN(NM7-NN7)=SIGN($NO$2-$NP$2),3,IF(OR(NM7=$NO$2,NN7=$NP$2),1,0))))) -> 0 | NS7: =IF(AND(NQ7="",NR7=""),0,IF(AND(NQ7=$NS$2,NR7=$NT$2),5,IF(AND(SIGN(NQ7-NR7)=SIGN($NS$2-$NT$2),OR(NQ7=$NS$2,NR7=$NT$2)),4,IF(SIGN(NQ7-NR7)=SIGN($NS$2-$NT$2),3,IF(OR(NQ7=$NS$2,NR7=$NT$2),1,0))))) -> 0 | NU7: =NO7+NS7 -> 0 | NX7: =IF(AND(NV7="",NW7=""),0,IF(AND(NV7=$NX$2,NW7=$NY$2),5,IF(AND(SIGN(NV7-NW7)=SIGN($NX$2-$NY$2),OR(NV7=$NX$2,NW7=$NY$2)),4,IF(SIGN(NV7-NW7)=SIGN($NX$2-$NY$2),3,IF(OR(NV7=$NX$2,NW7=$NY$2),1,0))))) -> 0 | OB7: =IF(AND(NZ7="",OA7=""),0,IF(AND(NZ7=$OB$2,OA7=$OC$2),5,IF(AND(SIGN(NZ7-OA7)=SIGN($OB$2-$OC$2),OR(NZ7=$OB$2,OA7=$OC$2)),4,IF(SIGN(NZ7-OA7)=SIGN($OB$2-$OC$2),3,IF(OR(NZ7=$OB$2,OA7=$OC$2),1,0))))) -> 0 | OD7: =NX7+OB7 -> 0 | OG7: =IF(AND(OE7="",OF7=""),0,IF(AND(OE7=$OG$2,OF7=$OH$2),5,IF(AND(SIGN(OE7-OF7)=SIGN($OG$2-$OH$2),OR(OE7=$OG$2,OF7=$OH$2)),4,IF(SIGN(OE7-OF7)=SIGN($OG$2-$OH$2),3,IF(OR(OE7=$OG$2,OF7=$OH$2),1,0))))) -> 0 | OK7: =IF(AND(OI7="",OJ7=""),0,IF(AND(OI7=$OK$2,OJ7=$OL$2),5,IF(AND(SIGN(OI7-OJ7)=SIGN($OK$2-$OL$2),OR(OI7=$OK$2,OJ7=$OL$2)),4,IF(SIGN(OI7-OJ7)=SIGN($OK$2-$OL$2),3,IF(OR(OI7=$OK$2,OJ7=$OL$2),1,0))))) -> 0 | OM7: =OG7+OK7 -> 0 | OP7: =IF(AND(ON7="",OO7=""),0,IF(AND(ON7=$OP$2,OO7=$OQ$2),5,IF(AND(SIGN(ON7-OO7)=SIGN($OP$2-$OQ$2),OR(ON7=$OP$2,OO7=$OQ$2)),4,IF(SIGN(ON7-OO7)=SIGN($OP$2-$OQ$2),3,IF(OR(ON7=$OP$2,OO7=$OQ$2),1,0))))) -> 0 | OT7: =IF(AND(OR7="",OS7=""),0,IF(AND(OR7=$OT$2,OS7=$OU$2),5,IF(AND(SIGN(OR7-OS7)=SIGN($OT$2-$OU$2),OR(OR7=$OT$2,OS7=$OU$2)),4,IF(SIGN(OR7-OS7)=SIGN($OT$2-$OU$2),3,IF(OR(OR7=$OT$2,OS7=$OU$2),1,0))))) -> 0 | OV7: =OP7+OT7 -> 0 | OY7: =IF(AND(OW7="",OX7=""),0,IF(AND(OW7=$OY$2,OX7=$OZ$2),5,IF(AND(SIGN(OW7-OX7)=SIGN($OY$2-$OZ$2),OR(OW7=$OY$2,OX7=$OZ$2)),4,IF(SIGN(OW7-OX7)=SIGN($OY$2-$OZ$2),3,IF(OR(OW7=$OY$2,OX7=$OZ$2),1,0))))) -> 0 | PA7: =OY7 -> 0 | PD7: =IF(AND(PB7="",PC7=""),0,IF(AND(PB7=$PD$2,PC7=$PE$2),5,IF(AND(SIGN(PB7-PC7)=SIGN($PD$2-$PE$2),OR(PB7=$PD$2,PC7=$PE$2)),4,IF(SIGN(PB7-PC7)=SIGN($PD$2-$PE$2),3,IF(OR(PB7=$PD$2,PC7=$PE$2),1,0))))) -> 0 | PF7: =PD7 -> 0 | PI7: =IF(AND(PG7="",PH7=""),0,IF(AND(PG7=$PI$2,PH7=$PJ$2),5,IF(AND(SIGN(PG7-PH7)=SIGN($PI$2-$PJ$2),OR(PG7=$PI$2,PH7=$PJ$2)),4,IF(SIGN(PG7-PH7)=SIGN($PI$2-$PJ$2),3,IF(OR(PG7=$PI$2,PH7=$PJ$2),1,0))))) -> 0 | PM7: =IF(AND(PK7="",PL7=""),0,IF(AND(PK7=$PM$2,PL7=$PN$2),5,IF(AND(SIGN(PK7-PL7)=SIGN($PM$2-$PN$2),OR(PK7=$PM$2,PL7=$PN$2)),4,IF(SIGN(PK7-PL7)=SIGN($PM$2-$PN$2),3,IF(OR(PK7=$PM$2,PL7=$PN$2),1,0))))) -> 0 | PO7: =PI7+PM7 -> 0 | PR7: =IF(AND(PP7="",PQ7=""),0,IF(AND(PP7=$PR$2,PQ7=$PS$2),5,IF(AND(SIGN(PP7-PQ7)=SIGN($PR$2-$PS$2),OR(PP7=$PR$2,PQ7=$PS$2)),4,IF(SIGN(PP7-PQ7)=SIGN($PR$2-$PS$2),3,IF(OR(PP7=$PR$2,PQ7=$PS$2),1,0))))) -> 0 | PT7: =PR7 -> 0 | PW7: =IF(AND(PU7="",PV7=""),0,IF(AND(PU7=$PW$2,PV7=$PX$2),5,IF(AND(SIGN(PU7-PV7)=SIGN($PW$2-$PX$2),OR(PU7=$PW$2,PV7=$PX$2)),4,IF(SIGN(PU7-PV7)=SIGN($PW$2-$PX$2),3,IF(OR(PU7=$PW$2,PV7=$PX$2),1,0))))) -> 0 | PY7: =PW7 -> 0 | QB7: =IF(AND(PZ7="",QA7=""),0,IF(AND(PZ7=$QB$2,QA7=$QC$2),5,IF(AND(SIGN(PZ7-QA7)=SIGN($QB$2-$QC$2),OR(PZ7=$QB$2,QA7=$QC$2)),4,IF(SIGN(PZ7-QA7)=SIGN($QB$2-$QC$2),3,IF(OR(PZ7=$QB$2,QA7=$QC$2),1,0))))) -> 0 | QD7: =QB7 -> 0 | QG7: =IF(AND(QE7="",QF7=""),0,IF(AND(QE7=$QG$2,QF7=$QH$2),5,IF(AND(SIGN(QE7-QF7)=SIGN($QG$2-$QH$2),OR(QE7=$QG$2,QF7=$QH$2)),4,IF(SIGN(QE7-QF7)=SIGN($QG$2-$QH$2),3,IF(OR(QE7=$QG$2,QF7=$QH$2),1,0))))) -> 0 | QI7: =QG7 -> 0
A8: Edward Rios | B8: 2 | C8: 0 | D8: =IF( AND(B8=$D$2, C8=$E$2), 5, IF( AND( SIGN(B8-C8)=SIGN($D$2-$E$2), OR(B8=$D$2, C8=$E$2) ), 4, IF( SIGN(B8-C8)=SIGN($D$2-$E$2), 3, IF( OR(B8=$D$2, C8=$E$2), 1, 0 ) ) )) -> 5 | F8: 2 | G8: 1 | H8: =IF( AND(F8=$H$2, G8=$I$2), 5, IF( AND( SIGN(F8-G8)=SIGN($H$2-$I$2), OR(F8=$H$2, G8=$I$2) ), 4, IF( SIGN(F8-G8)=SIGN($H$2-$I$2), 3, IF( OR(F8=$H$2, G8=$I$2), 1, 0 ) ) )) -> 5 | J8: =D8+H8 -> 10 | K8: 2 | L8: 1 | M8: =IF(AND(K8="",L8=""),0,IF(AND(K8=$M$2,L8=$N$2),5,IF(AND(SIGN(K8-L8)=SIGN($M$2-$N$2),OR(K8=$M$2,L8=$N$2)),4,IF(SIGN(K8-L8)=SIGN($M$2-$N$2),3,IF(OR(K8=$M$2,L8=$N$2),1,0))))) -> 1 | O8: 1 | P8: 2 | Q8: =IF(AND(O8="",P8=""),0,IF(AND(O8=$Q$2,P8=$R$2),5,IF(AND(SIGN(O8-P8)=SIGN($Q$2-$R$2),OR(O8=$Q$2,P8=$R$2)),4,IF(SIGN(O8-P8)=SIGN($Q$2-$R$2),3,IF(OR(O8=$Q$2,P8=$R$2),1,0))))) -> 0 | S8: =M8+Q8 -> 1 | T8: 0 | U8: 2 | V8: =IF(AND(T8="",U8=""),0,IF(AND(T8=$V$2,U8=$W$2),5,IF(AND(SIGN(T8-U8)=SIGN($V$2-$W$2),OR(T8=$V$2,U8=$W$2)),4,IF(SIGN(T8-U8)=SIGN($V$2-$W$2),3,IF(OR(T8=$V$2,U8=$W$2),1,0))))) -> 0 | X8: 3 | Y8: 1 | Z8: =IF(AND(X8="",Y8=""),0,IF(AND(X8=$Z$2,Y8=$AA$2),5,IF(AND(SIGN(X8-Y8)=SIGN($Z$2-$AA$2),OR(X8=$Z$2,Y8=$AA$2)),4,IF(SIGN(X8-Y8)=SIGN($Z$2-$AA$2),3,IF(OR(X8=$Z$2,Y8=$AA$2),1,0))))) -> 1 | AB8: 0 | AC8: 2 | AD8: =IF(AND(AB8="",AC8=""),0,IF(AND(AB8=$AD$2,AC8=$AE$2),5,IF(AND(SIGN(AB8-AC8)=SIGN($AD$2-$AE$2),OR(AB8=$AD$2,AC8=$AE$2)),4,IF(SIGN(AB8-AC8)=SIGN($AD$2-$AE$2),3,IF(OR(AB8=$AD$2,AC8=$AE$2),1,0))))) -> 4 | AF8: 1 | AG8: 3 | AH8: =IF(AND(AF8="",AG8=""),0,IF(AND(AF8=$AH$2,AG8=$AI$2),5,IF(AND(SIGN(AF8-AG8)=SIGN($AH$2-$AI$2),OR(AF8=$AH$2,AG8=$AI$2)),4,IF(SIGN(AF8-AG8)=SIGN($AH$2-$AI$2),3,IF(OR(AF8=$AH$2,AG8=$AI$2),1,0))))) -> 0 | AJ8: =V8+Z8+AD8+AH8 -> 5 | AK8: 4 | AL8: 0 | AM8: =IF(AND(AK8="",AL8=""),0,IF(AND(AK8=$AM$2,AL8=$AN$2),5,IF(AND(SIGN(AK8-AL8)=SIGN($AM$2-$AN$2),OR(AK8=$AM$2,AL8=$AN$2)),4,IF(SIGN(AK8-AL8)=SIGN($AM$2-$AN$2),3,IF(OR(AK8=$AM$2,AL8=$AN$2),1,0))))) -> 3 | AO8: 2 | AP8: 1 | AQ8: =IF(AND(AO8="",AP8=""),0,IF(AND(AO8=$AQ$2,AP8=$AR$2),5,IF(AND(SIGN(AO8-AP8)=SIGN($AQ$2-$AR$2),OR(AO8=$AQ$2,AP8=$AR$2)),4,IF(SIGN(AO8-AP8)=SIGN($AQ$2-$AR$2),3,IF(OR(AO8=$AQ$2,AP8=$AR$2),1,0))))) -> 1 | AS8: 1 | AT8: 2 | AU8: =IF(AND(AS8="",AT8=""),0,IF(AND(AS8=$AU$2,AT8=$AV$2),5,IF(AND(SIGN(AS8-AT8)=SIGN($AU$2-$AV$2),OR(AS8=$AU$2,AT8=$AV$2)),4,IF(SIGN(AS8-AT8)=SIGN($AU$2-$AV$2),3,IF(OR(AS8=$AU$2,AT8=$AV$2),1,0))))) -> 1 | AW8: 2 | AX8: 0 | AY8: =IF(AND(AW8="",AX8=""),0,IF(AND(AW8=$AY$2,AX8=$AZ$2),5,IF(AND(SIGN(AW8-AX8)=SIGN($AY$2-$AZ$2),OR(AW8=$AY$2,AX8=$AZ$2)),4,IF(SIGN(AW8-AX8)=SIGN($AY$2-$AZ$2),3,IF(OR(AW8=$AY$2,AX8=$AZ$2),1,0))))) -> 3 | BA8: =AM8+AQ8+AU8+AY8 -> 8 | BB8: 6 | BC8: 0 | BD8: =IF(AND(BB8="",BC8=""),0,IF(AND(BB8=$BD$2,BC8=$BE$2),5,IF(AND(SIGN(BB8-BC8)=SIGN($BD$2-$BE$2),OR(BB8=$BD$2,BC8=$BE$2)),4,IF(SIGN(BB8-BC8)=SIGN($BD$2-$BE$2),3,IF(OR(BB8=$BD$2,BC8=$BE$2),1,0))))) -> 1 | BF8: 3 | BG8: 1 | BH8: =IF(AND(BF8="",BG8=""),0,IF(AND(BF8=$BH$2,BG8=$BI$2),5,IF(AND(SIGN(BF8-BG8)=SIGN($BH$2-$BI$2),OR(BF8=$BH$2,BG8=$BI$2)),4,IF(SIGN(BF8-BG8)=SIGN($BH$2-$BI$2),3,IF(OR(BF8=$BH$2,BG8=$BI$2),1,0))))) -> 1 | BJ8: 0 | BK8: 3 | BL8: =IF(AND(BJ8="",BK8=""),0,IF(AND(BJ8=$BL$2,BK8=$BM$2),5,IF(AND(SIGN(BJ8-BK8)=SIGN($BL$2-$BM$2),OR(BJ8=$BL$2,BK8=$BM$2)),4,IF(SIGN(BJ8-BK8)=SIGN($BL$2-$BM$2),3,IF(OR(BJ8=$BL$2,BK8=$BM$2),1,0))))) -> 0 | BN8: 2 | BO8: 1 | BP8: =IF(AND(BN8="",BO8=""),0,IF(AND(BN8=$BP$2,BO8=$BQ$2),5,IF(AND(SIGN(BN8-BO8)=SIGN($BP$2-$BQ$2),OR(BN8=$BP$2,BO8=$BQ$2)),4,IF(SIGN(BN8-BO8)=SIGN($BP$2-$BQ$2),3,IF(OR(BN8=$BP$2,BO8=$BQ$2),1,0))))) -> 1 | BR8: =BD8+BH8+BL8+BP8 -> 3 | BS8: 3 | BT8: 1 | BU8: =IF(AND(BS8="",BT8=""),0,IF(AND(BS8=$BU$2,BT8=$BV$2),5,IF(AND(SIGN(BS8-BT8)=SIGN($BU$2-$BV$2),OR(BS8=$BU$2,BT8=$BV$2)),4,IF(SIGN(BS8-BT8)=SIGN($BU$2-$BV$2),3,IF(OR(BS8=$BU$2,BT8=$BV$2),1,0))))) -> 5 | BW8: 0 | BX8: 3 | BY8: =IF(AND(BW8="",BX8=""),0,IF(AND(BW8=$BY$2,BX8=$BZ$2),5,IF(AND(SIGN(BW8-BX8)=SIGN($BY$2-$BZ$2),OR(BW8=$BY$2,BX8=$BZ$2)),4,IF(SIGN(BW8-BX8)=SIGN($BY$2-$BZ$2),3,IF(OR(BW8=$BY$2,BX8=$BZ$2),1,0))))) -> 3 | CA8: 2 | CB8: 0 | CC8: =IF(AND(CA8="",CB8=""),0,IF(AND(CA8=$CC$2,CB8=$CD$2),5,IF(AND(SIGN(CA8-CB8)=SIGN($CC$2-$CD$2),OR(CA8=$CC$2,CB8=$CD$2)),4,IF(SIGN(CA8-CB8)=SIGN($CC$2-$CD$2),3,IF(OR(CA8=$CC$2,CB8=$CD$2),1,0))))) -> 4 | CE8: 2 | CF8: 1 | CG8: =IF(AND(CE8="",CF8=""),0,IF(AND(CE8=$CG$2,CF8=$CH$2),5,IF(AND(SIGN(CE8-CF8)=SIGN($CG$2-$CH$2),OR(CE8=$CG$2,CF8=$CH$2)),4,IF(SIGN(CE8-CF8)=SIGN($CG$2-$CH$2),3,IF(OR(CE8=$CG$2,CF8=$CH$2),1,0))))) -> 4 | CI8: =BU8+BY8+CC8+CG8 -> 16 | CJ8: 3 | CK8: 0 | CL8: =IF(AND(CJ8="",CK8=""),0,IF(AND(CJ8=$CL$2,CK8=$CM$2),5,IF(AND(SIGN(CJ8-CK8)=SIGN($CL$2-$CM$2),OR(CJ8=$CL$2,CK8=$CM$2)),4,IF(SIGN(CJ8-CK8)=SIGN($CL$2-$CM$2),3,IF(OR(CJ8=$CL$2,CK8=$CM$2),1,0))))) -> 0 | CN8: 3 | CO8: 1 | CP8: =IF(AND(CN8="",CO8=""),0,IF(AND(CN8=$CP$2,CO8=$CQ$2),5,IF(AND(SIGN(CN8-CO8)=SIGN($CP$2-$CQ$2),OR(CN8=$CP$2,CO8=$CQ$2)),4,IF(SIGN(CN8-CO8)=SIGN($CP$2-$CQ$2),3,IF(OR(CN8=$CP$2,CO8=$CQ$2),1,0))))) -> 3 | CR8: 2 | CS8: 1 | CT8: =IF(AND(CR8="",CS8=""),0,IF(AND(CR8=$CT$2,CS8=$CU$2),5,IF(AND(SIGN(CR8-CS8)=SIGN($CT$2-$CU$2),OR(CR8=$CT$2,CS8=$CU$2)),4,IF(SIGN(CR8-CS8)=SIGN($CT$2-$CU$2),3,IF(OR(CR8=$CT$2,CS8=$CU$2),1,0))))) -> 3 | CV8: 0 | CW8: 3 | CX8: =IF(AND(CV8="",CW8=""),0,IF(AND(CV8=$CX$2,CW8=$CY$2),5,IF(AND(SIGN(CV8-CW8)=SIGN($CX$2-$CY$2),OR(CV8=$CX$2,CW8=$CY$2)),4,IF(SIGN(CV8-CW8)=SIGN($CX$2-$CY$2),3,IF(OR(CV8=$CX$2,CW8=$CY$2),1,0))))) -> 4 | CZ8: =CL8+CP8+CT8+CX8 -> 10 | DA8: 2 | DB8: 1 | DC8: =IF(AND(DA8="",DB8=""),0,IF(AND(DA8=$DC$2,DB8=$DD$2),5,IF(AND(SIGN(DA8-DB8)=SIGN($DC$2-$DD$2),OR(DA8=$DC$2,DB8=$DD$2)),4,IF(SIGN(DA8-DB8)=SIGN($DC$2-$DD$2),3,IF(OR(DA8=$DC$2,DB8=$DD$2),1,0))))) -> 1 | DE8: 2 | DF8: 1 | DG8: =IF(AND(DE8="",DF8=""),0,IF(AND(DE8=$DG$2,DF8=$DH$2),5,IF(AND(SIGN(DE8-DF8)=SIGN($DG$2-$DH$2),OR(DE8=$DG$2,DF8=$DH$2)),4,IF(SIGN(DE8-DF8)=SIGN($DG$2-$DH$2),3,IF(OR(DE8=$DG$2,DF8=$DH$2),1,0))))) -> 4 | DI8: 2 | DJ8: 1 | DK8: =IF(AND(DI8="",DJ8=""),0,IF(AND(DI8=$DK$2,DJ8=$DL$2),5,IF(AND(SIGN(DI8-DJ8)=SIGN($DK$2-$DL$2),OR(DI8=$DK$2,DJ8=$DL$2)),4,IF(SIGN(DI8-DJ8)=SIGN($DK$2-$DL$2),3,IF(OR(DI8=$DK$2,DJ8=$DL$2),1,0))))) -> 3 | DM8: 1 | DN8: 2 | DO8: =IF(AND(DM8="",DN8=""),0,IF(AND(DM8=$DO$2,DN8=$DP$2),5,IF(AND(SIGN(DM8-DN8)=SIGN($DO$2-$DP$2),OR(DM8=$DO$2,DN8=$DP$2)),4,IF(SIGN(DM8-DN8)=SIGN($DO$2-$DP$2),3,IF(OR(DM8=$DO$2,DN8=$DP$2),1,0))))) -> 1 | DQ8: =DC8+DG8+DK8+DO8 -> 9 | DR8: 3 | DS8: 1 | DT8: =IF(AND(DR8="",DS8=""),0,IF(AND(DR8=$DT$2,DS8=$DU$2),5,IF(AND(SIGN(DR8-DS8)=SIGN($DT$2-$DU$2),OR(DR8=$DT$2,DS8=$DU$2)),4,IF(SIGN(DR8-DS8)=SIGN($DT$2-$DU$2),3,IF(OR(DR8=$DT$2,DS8=$DU$2),1,0))))) -> 3 | DV8: 1 | DW8: 3 | DX8: =IF(AND(DV8="",DW8=""),0,IF(AND(DV8=$DX$2,DW8=$DY$2),5,IF(AND(SIGN(DV8-DW8)=SIGN($DX$2-$DY$2),OR(DV8=$DX$2,DW8=$DY$2)),4,IF(SIGN(DV8-DW8)=SIGN($DX$2-$DY$2),3,IF(OR(DV8=$DX$2,DW8=$DY$2),1,0))))) -> 3 | DZ8: 5 | EA8: 0 | EB8: =IF(AND(DZ8="",EA8=""),0,IF(AND(DZ8=$EB$2,EA8=$EC$2),5,IF(AND(SIGN(DZ8-EA8)=SIGN($EB$2-$EC$2),OR(DZ8=$EB$2,EA8=$EC$2)),4,IF(SIGN(DZ8-EA8)=SIGN($EB$2-$EC$2),3,IF(OR(DZ8=$EB$2,EA8=$EC$2),1,0))))) -> 4 | ED8: 2 | EE8: 1 | EF8: =IF(AND(ED8="",EE8=""),0,IF(AND(ED8=$EF$2,EE8=$EG$2),5,IF(AND(SIGN(ED8-EE8)=SIGN($EF$2-$EG$2),OR(ED8=$EF$2,EE8=$EG$2)),4,IF(SIGN(ED8-EE8)=SIGN($EF$2-$EG$2),3,IF(OR(ED8=$EF$2,EE8=$EG$2),1,0))))) -> 1 | EH8: =DT8+DX8+EB8+EF8 -> 11 | EI8: 3 | EJ8: 1 | EK8: =IF(AND(EI8="",EJ8=""),0,IF(AND(EI8=$EK$2,EJ8=$EL$2),5,IF(AND(SIGN(EI8-EJ8)=SIGN($EK$2-$EL$2),OR(EI8=$EK$2,EJ8=$EL$2)),4,IF(SIGN(EI8-EJ8)=SIGN($EK$2-$EL$2),3,IF(OR(EI8=$EK$2,EJ8=$EL$2),1,0))))) -> 4 | EM8: 4 | EN8: 0 | EO8: =IF(AND(EM8="",EN8=""),0,IF(AND(EM8=$EO$2,EN8=$EP$2),5,IF(AND(SIGN(EM8-EN8)=SIGN($EO$2-$EP$2),OR(EM8=$EO$2,EN8=$EP$2)),4,IF(SIGN(EM8-EN8)=SIGN($EO$2-$EP$2),3,IF(OR(EM8=$EO$2,EN8=$EP$2),1,0))))) -> 3 | EQ8: 4 | ER8: 0 | ES8: =IF(AND(EQ8="",ER8=""),0,IF(AND(EQ8=$ES$2,ER8=$ET$2),5,IF(AND(SIGN(EQ8-ER8)=SIGN($ES$2-$ET$2),OR(EQ8=$ES$2,ER8=$ET$2)),4,IF(SIGN(EQ8-ER8)=SIGN($ES$2-$ET$2),3,IF(OR(EQ8=$ES$2,ER8=$ET$2),1,0))))) -> 1 | EU8: 0 | EV8: 3 | EW8: =IF(AND(EU8="",EV8=""),0,IF(AND(EU8=$EW$2,EV8=$EX$2),5,IF(AND(SIGN(EU8-EV8)=SIGN($EW$2-$EX$2),OR(EU8=$EW$2,EV8=$EX$2)),4,IF(SIGN(EU8-EV8)=SIGN($EW$2-$EX$2),3,IF(OR(EU8=$EW$2,EV8=$EX$2),1,0))))) -> 4 | EY8: =EK8+EO8+ES8+EW8 -> 12 | EZ8: 3 | FA8: 1 | FD8: 3 | FE8: 1 | FH8: 2 | FI8: 1 | FL8: 0 | FM8: 2 | FP8: =FB8+FF8+FJ8+FN8 -> 0 | FS8: =IF(AND(FQ8="",FR8=""),0,IF(AND(FQ8=$FS$2,FR8=$FT$2),5,IF(AND(SIGN(FQ8-FR8)=SIGN($FS$2-$FT$2),OR(FQ8=$FS$2,FR8=$FT$2)),4,IF(SIGN(FQ8-FR8)=SIGN($FS$2-$FT$2),3,IF(OR(FQ8=$FS$2,FR8=$FT$2),1,0))))) -> 0 | FW8: =IF(AND(FU8="",FV8=""),0,IF(AND(FU8=$FW$2,FV8=$FX$2),5,IF(AND(SIGN(FU8-FV8)=SIGN($FW$2-$FX$2),OR(FU8=$FW$2,FV8=$FX$2)),4,IF(SIGN(FU8-FV8)=SIGN($FW$2-$FX$2),3,IF(OR(FU8=$FW$2,FV8=$FX$2),1,0))))) -> 0 | GA8: =IF(AND(FY8="",FZ8=""),0,IF(AND(FY8=$GA$2,FZ8=$GB$2),5,IF(AND(SIGN(FY8-FZ8)=SIGN($GA$2-$GB$2),OR(FY8=$GA$2,FZ8=$GB$2)),4,IF(SIGN(FY8-FZ8)=SIGN($GA$2-$GB$2),3,IF(OR(FY8=$GA$2,FZ8=$GB$2),1,0))))) -> 0 | GE8: =IF(AND(GC8="",GD8=""),0,IF(AND(GC8=$GE$2,GD8=$GF$2),5,IF(AND(SIGN(GC8-GD8)=SIGN($GE$2-$GF$2),OR(GC8=$GE$2,GD8=$GF$2)),4,IF(SIGN(GC8-GD8)=SIGN($GE$2-$GF$2),3,IF(OR(GC8=$GE$2,GD8=$GF$2),1,0))))) -> 0 | GG8: =FS8+FW8+GA8+GE8 -> 0 | GJ8: =IF(AND(GH8="",GI8=""),0,IF(AND(GH8=$GJ$2,GI8=$GK$2),5,IF(AND(SIGN(GH8-GI8)=SIGN($GJ$2-$GK$2),OR(GH8=$GJ$2,GI8=$GK$2)),4,IF(SIGN(GH8-GI8)=SIGN($GJ$2-$GK$2),3,IF(OR(GH8=$GJ$2,GI8=$GK$2),1,0))))) -> 0 | GN8: =IF(AND(GL8="",GM8=""),0,IF(AND(GL8=$GN$2,GM8=$GO$2),5,IF(AND(SIGN(GL8-GM8)=SIGN($GN$2-$GO$2),OR(GL8=$GN$2,GM8=$GO$2)),4,IF(SIGN(GL8-GM8)=SIGN($GN$2-$GO$2),3,IF(OR(GL8=$GN$2,GM8=$GO$2),1,0))))) -> 0 | GR8: =IF(AND(GP8="",GQ8=""),0,IF(AND(GP8=$GR$2,GQ8=$GS$2),5,IF(AND(SIGN(GP8-GQ8)=SIGN($GR$2-$GS$2),OR(GP8=$GR$2,GQ8=$GS$2)),4,IF(SIGN(GP8-GQ8)=SIGN($GR$2-$GS$2),3,IF(OR(GP8=$GR$2,GQ8=$GS$2),1,0))))) -> 0 | GV8: =IF(AND(GT8="",GU8=""),0,IF(AND(GT8=$GV$2,GU8=$GW$2),5,IF(AND(SIGN(GT8-GU8)=SIGN($GV$2-$GW$2),OR(GT8=$GV$2,GU8=$GW$2)),4,IF(SIGN(GT8-GU8)=SIGN($GV$2-$GW$2),3,IF(OR(GT8=$GV$2,GU8=$GW$2),1,0))))) -> 0 | GX8: =GJ8+GN8+GR8+GV8 -> 0 | HA8: =IF(AND(GY8="",GZ8=""),0,IF(AND(GY8=$HA$2,GZ8=$HB$2),5,IF(AND(SIGN(GY8-GZ8)=SIGN($HA$2-$HB$2),OR(GY8=$HA$2,GZ8=$HB$2)),4,IF(SIGN(GY8-GZ8)=SIGN($HA$2-$HB$2),3,IF(OR(GY8=$HA$2,GZ8=$HB$2),1,0))))) -> 0 | HE8: =IF(AND(HC8="",HD8=""),0,IF(AND(HC8=$HE$2,HD8=$HF$2),5,IF(AND(SIGN(HC8-HD8)=SIGN($HE$2-$HF$2),OR(HC8=$HE$2,HD8=$HF$2)),4,IF(SIGN(HC8-HD8)=SIGN($HE$2-$HF$2),3,IF(OR(HC8=$HE$2,HD8=$HF$2),1,0))))) -> 0 | HI8: =IF(AND(HG8="",HH8=""),0,IF(AND(HG8=$HI$2,HH8=$HJ$2),5,IF(AND(SIGN(HG8-HH8)=SIGN($HI$2-$HJ$2),OR(HG8=$HI$2,HH8=$HJ$2)),4,IF(SIGN(HG8-HH8)=SIGN($HI$2-$HJ$2),3,IF(OR(HG8=$HI$2,HH8=$HJ$2),1,0))))) -> 0 | HM8: =IF(AND(HK8="",HL8=""),0,IF(AND(HK8=$HM$2,HL8=$HN$2),5,IF(AND(SIGN(HK8-HL8)=SIGN($HM$2-$HN$2),OR(HK8=$HM$2,HL8=$HN$2)),4,IF(SIGN(HK8-HL8)=SIGN($HM$2-$HN$2),3,IF(OR(HK8=$HM$2,HL8=$HN$2),1,0))))) -> 0 | HQ8: =IF(AND(HO8="",HP8=""),0,IF(AND(HO8=$HQ$2,HP8=$HR$2),5,IF(AND(SIGN(HO8-HP8)=SIGN($HQ$2-$HR$2),OR(HO8=$HQ$2,HP8=$HR$2)),4,IF(SIGN(HO8-HP8)=SIGN($HQ$2-$HR$2),3,IF(OR(HO8=$HQ$2,HP8=$HR$2),1,0))))) -> 0 | HU8: =IF(AND(HS8="",HT8=""),0,IF(AND(HS8=$HU$2,HT8=$HV$2),5,IF(AND(SIGN(HS8-HT8)=SIGN($HU$2-$HV$2),OR(HS8=$HU$2,HT8=$HV$2)),4,IF(SIGN(HS8-HT8)=SIGN($HU$2-$HV$2),3,IF(OR(HS8=$HU$2,HT8=$HV$2),1,0))))) -> 0 | HW8: =HI8+HM8+HQ8+HU8+HE8+HA8 -> 0 | HZ8: =IF(AND(HX8="",HY8=""),0,IF(AND(HX8=$HZ$2,HY8=$IA$2),5,IF(AND(SIGN(HX8-HY8)=SIGN($HZ$2-$IA$2),OR(HX8=$HZ$2,HY8=$IA$2)),4,IF(SIGN(HX8-HY8)=SIGN($HZ$2-$IA$2),3,IF(OR(HX8=$HZ$2,HY8=$IA$2),1,0))))) -> 0 | ID8: =IF(AND(IB8="",IC8=""),0,IF(AND(IB8=$ID$2,IC8=$IE$2),5,IF(AND(SIGN(IB8-IC8)=SIGN($ID$2-$IE$2),OR(IB8=$ID$2,IC8=$IE$2)),4,IF(SIGN(IB8-IC8)=SIGN($ID$2-$IE$2),3,IF(OR(IB8=$ID$2,IC8=$IE$2),1,0))))) -> 0 | IH8: =IF(AND(IF8="",IG8=""),0,IF(AND(IF8=$IH$2,IG8=$II$2),5,IF(AND(SIGN(IF8-IG8)=SIGN($IH$2-$II$2),OR(IF8=$IH$2,IG8=$II$2)),4,IF(SIGN(IF8-IG8)=SIGN($IH$2-$II$2),3,IF(OR(IF8=$IH$2,IG8=$II$2),1,0))))) -> 0 | IL8: =IF(AND(IJ8="",IK8=""),0,IF(AND(IJ8=$IL$2,IK8=$IM$2),5,IF(AND(SIGN(IJ8-IK8)=SIGN($IL$2-$IM$2),OR(IJ8=$IL$2,IK8=$IM$2)),4,IF(SIGN(IJ8-IK8)=SIGN($IL$2-$IM$2),3,IF(OR(IJ8=$IL$2,IK8=$IM$2),1,0))))) -> 0 | IP8: =IF(AND(IN8="",IO8=""),0,IF(AND(IN8=$IP$2,IO8=$IQ$2),5,IF(AND(SIGN(IN8-IO8)=SIGN($IP$2-$IQ$2),OR(IN8=$IP$2,IO8=$IQ$2)),4,IF(SIGN(IN8-IO8)=SIGN($IP$2-$IQ$2),3,IF(OR(IN8=$IP$2,IO8=$IQ$2),1,0))))) -> 0 | IT8: =IF(AND(IR8="",IS8=""),0,IF(AND(IR8=$IT$2,IS8=$IU$2),5,IF(AND(SIGN(IR8-IS8)=SIGN($IT$2-$IU$2),OR(IR8=$IT$2,IS8=$IU$2)),4,IF(SIGN(IR8-IS8)=SIGN($IT$2-$IU$2),3,IF(OR(IR8=$IT$2,IS8=$IU$2),1,0))))) -> 0 | IV8: =IH8+IL8+IP8+IT8+ID8+HZ8 -> 0 | IY8: =IF(AND(IW8="",IX8=""),0,IF(AND(IW8=$IY$2,IX8=$IZ$2),5,IF(AND(SIGN(IW8-IX8)=SIGN($IY$2-$IZ$2),OR(IW8=$IY$2,IX8=$IZ$2)),4,IF(SIGN(IW8-IX8)=SIGN($IY$2-$IZ$2),3,IF(OR(IW8=$IY$2,IX8=$IZ$2),1,0))))) -> 0 | JC8: =IF(AND(JA8="",JB8=""),0,IF(AND(JA8=$JC$2,JB8=$JD$2),5,IF(AND(SIGN(JA8-JB8)=SIGN($JC$2-$JD$2),OR(JA8=$JC$2,JB8=$JD$2)),4,IF(SIGN(JA8-JB8)=SIGN($JC$2-$JD$2),3,IF(OR(JA8=$JC$2,JB8=$JD$2),1,0))))) -> 0 | JG8: =IF(AND(JE8="",JF8=""),0,IF(AND(JE8=$JG$2,JF8=$JH$2),5,IF(AND(SIGN(JE8-JF8)=SIGN($JG$2-$JH$2),OR(JE8=$JG$2,JF8=$JH$2)),4,IF(SIGN(JE8-JF8)=SIGN($JG$2-$JH$2),3,IF(OR(JE8=$JG$2,JF8=$JH$2),1,0))))) -> 0 | JK8: =IF(AND(JI8="",JJ8=""),0,IF(AND(JI8=$JK$2,JJ8=$JL$2),5,IF(AND(SIGN(JI8-JJ8)=SIGN($JK$2-$JL$2),OR(JI8=$JK$2,JJ8=$JL$2)),4,IF(SIGN(JI8-JJ8)=SIGN($JK$2-$JL$2),3,IF(OR(JI8=$JK$2,JJ8=$JL$2),1,0))))) -> 0 | JO8: =IF(AND(JM8="",JN8=""),0,IF(AND(JM8=$JO$2,JN8=$JP$2),5,IF(AND(SIGN(JM8-JN8)=SIGN($JO$2-$JP$2),OR(JM8=$JO$2,JN8=$JP$2)),4,IF(SIGN(JM8-JN8)=SIGN($JO$2-$JP$2),3,IF(OR(JM8=$JO$2,JN8=$JP$2),1,0))))) -> 0 | JS8: =IF(AND(JQ8="",JR8=""),0,IF(AND(JQ8=$JS$2,JR8=$JT$2),5,IF(AND(SIGN(JQ8-JR8)=SIGN($JS$2-$JT$2),OR(JQ8=$JS$2,JR8=$JT$2)),4,IF(SIGN(JQ8-JR8)=SIGN($JS$2-$JT$2),3,IF(OR(JQ8=$JS$2,JR8=$JT$2),1,0))))) -> 0 | JU8: =JG8+JK8+JO8+JS8+JC8+IY8 -> 0 | JX8: =IF(AND(JV8="",JW8=""),0,IF(AND(JV8=$JX$2,JW8=$JY$2),5,IF(AND(SIGN(JV8-JW8)=SIGN($JX$2-$JY$2),OR(JV8=$JX$2,JW8=$JY$2)),4,IF(SIGN(JV8-JW8)=SIGN($JX$2-$JY$2),3,IF(OR(JV8=$JX$2,JW8=$JY$2),1,0))))) -> 0 | KB8: =IF(AND(JZ8="",KA8=""),0,IF(AND(JZ8=$KB$2,KA8=$KC$2),5,IF(AND(SIGN(JZ8-KA8)=SIGN($KB$2-$KC$2),OR(JZ8=$KB$2,KA8=$KC$2)),4,IF(SIGN(JZ8-KA8)=SIGN($KB$2-$KC$2),3,IF(OR(JZ8=$KB$2,KA8=$KC$2),1,0))))) -> 0 | KF8: =IF(AND(KD8="",KE8=""),0,IF(AND(KD8=$KF$2,KE8=$KG$2),5,IF(AND(SIGN(KD8-KE8)=SIGN($KF$2-$KG$2),OR(KD8=$KF$2,KE8=$KG$2)),4,IF(SIGN(KD8-KE8)=SIGN($KF$2-$KG$2),3,IF(OR(KD8=$KF$2,KE8=$KG$2),1,0))))) -> 0 | KJ8: =IF(AND(KH8="",KI8=""),0,IF(AND(KH8=$KJ$2,KI8=$KK$2),5,IF(AND(SIGN(KH8-KI8)=SIGN($KJ$2-$KK$2),OR(KH8=$KJ$2,KI8=$KK$2)),4,IF(SIGN(KH8-KI8)=SIGN($KJ$2-$KK$2),3,IF(OR(KH8=$KJ$2,KI8=$KK$2),1,0))))) -> 0 | KN8: =IF(AND(KL8="",KM8=""),0,IF(AND(KL8=$KN$2,KM8=$KO$2),5,IF(AND(SIGN(KL8-KM8)=SIGN($KN$2-$KO$2),OR(KL8=$KN$2,KM8=$KO$2)),4,IF(SIGN(KL8-KM8)=SIGN($KN$2-$KO$2),3,IF(OR(KL8=$KN$2,KM8=$KO$2),1,0))))) -> 0 | KR8: =IF(AND(KP8="",KQ8=""),0,IF(AND(KP8=$KR$2,KQ8=$KS$2),5,IF(AND(SIGN(KP8-KQ8)=SIGN($KR$2-$KS$2),OR(KP8=$KR$2,KQ8=$KS$2)),4,IF(SIGN(KP8-KQ8)=SIGN($KR$2-$KS$2),3,IF(OR(KP8=$KR$2,KQ8=$KS$2),1,0))))) -> 0 | KT8: =KF8+KJ8+KN8+KR8+KB8+JX8 -> 0 | KW8: =IF(AND(KU8="",KV8=""),0,IF(AND(KU8=$KW$2,KV8=$KX$2),5,IF(AND(SIGN(KU8-KV8)=SIGN($KW$2-$KX$2),OR(KU8=$KW$2,KV8=$KX$2)),4,IF(SIGN(KU8-KV8)=SIGN($KW$2-$KX$2),3,IF(OR(KU8=$KW$2,KV8=$KX$2),1,0))))) -> 0 | KY8: =KW8 -> 0 | LB8: =IF(AND(KZ8="",LA8=""),0,IF(AND(KZ8=$LB$2,LA8=$LC$2),5,IF(AND(SIGN(KZ8-LA8)=SIGN($LB$2-$LC$2),OR(KZ8=$LB$2,LA8=$LC$2)),4,IF(SIGN(KZ8-LA8)=SIGN($LB$2-$LC$2),3,IF(OR(KZ8=$LB$2,LA8=$LC$2),1,0))))) -> 0 | LF8: =IF(AND(LD8="",LE8=""),0,IF(AND(LD8=$LF$2,LE8=$LG$2),5,IF(AND(SIGN(LD8-LE8)=SIGN($LF$2-$LG$2),OR(LD8=$LF$2,LE8=$LG$2)),4,IF(SIGN(LD8-LE8)=SIGN($LF$2-$LG$2),3,IF(OR(LD8=$LF$2,LE8=$LG$2),1,0))))) -> 0 | LJ8: =IF(AND(LH8="",LI8=""),0,IF(AND(LH8=$LJ$2,LI8=$LK$2),5,IF(AND(SIGN(LH8-LI8)=SIGN($LJ$2-$LK$2),OR(LH8=$LJ$2,LI8=$LK$2)),4,IF(SIGN(LH8-LI8)=SIGN($LJ$2-$LK$2),3,IF(OR(LH8=$LJ$2,LI8=$LK$2),1,0))))) -> 0 | LL8: =LB8+LF8+LJ8 -> 0 | LO8: =IF(AND(LM8="",LN8=""),0,IF(AND(LM8=$LO$2,LN8=$LP$2),5,IF(AND(SIGN(LM8-LN8)=SIGN($LO$2-$LP$2),OR(LM8=$LO$2,LN8=$LP$2)),4,IF(SIGN(LM8-LN8)=SIGN($LO$2-$LP$2),3,IF(OR(LM8=$LO$2,LN8=$LP$2),1,0))))) -> 0 | LS8: =IF(AND(LQ8="",LR8=""),0,IF(AND(LQ8=$LS$2,LR8=$LT$2),5,IF(AND(SIGN(LQ8-LR8)=SIGN($LS$2-$LT$2),OR(LQ8=$LS$2,LR8=$LT$2)),4,IF(SIGN(LQ8-LR8)=SIGN($LS$2-$LT$2),3,IF(OR(LQ8=$LS$2,LR8=$LT$2),1,0))))) -> 0 | LW8: =IF(AND(LU8="",LV8=""),0,IF(AND(LU8=$LW$2,LV8=$LX$2),5,IF(AND(SIGN(LU8-LV8)=SIGN($LW$2-$LX$2),OR(LU8=$LW$2,LV8=$LX$2)),4,IF(SIGN(LU8-LV8)=SIGN($LW$2-$LX$2),3,IF(OR(LU8=$LW$2,LV8=$LX$2),1,0))))) -> 0 | LY8: =LO8+LS8+LW8 -> 0 | MB8: =IF(AND(LZ8="",MA8=""),0,IF(AND(LZ8=$MB$2,MA8=$MC$2),5,IF(AND(SIGN(LZ8-MA8)=SIGN($MB$2-$MC$2),OR(LZ8=$MB$2,MA8=$MC$2)),4,IF(SIGN(LZ8-MA8)=SIGN($MB$2-$MC$2),3,IF(OR(LZ8=$MB$2,MA8=$MC$2),1,0))))) -> 0 | MF8: =IF(AND(MD8="",ME8=""),0,IF(AND(MD8=$MF$2,ME8=$MG$2),5,IF(AND(SIGN(MD8-ME8)=SIGN($MF$2-$MG$2),OR(MD8=$MF$2,ME8=$MG$2)),4,IF(SIGN(MD8-ME8)=SIGN($MF$2-$MG$2),3,IF(OR(MD8=$MF$2,ME8=$MG$2),1,0))))) -> 0 | MJ8: =IF(AND(MH8="",MI8=""),0,IF(AND(MH8=$MJ$2,MI8=$MK$2),5,IF(AND(SIGN(MH8-MI8)=SIGN($MJ$2-$MK$2),OR(MH8=$MJ$2,MI8=$MK$2)),4,IF(SIGN(MH8-MI8)=SIGN($MJ$2-$MK$2),3,IF(OR(MH8=$MJ$2,MI8=$MK$2),1,0))))) -> 0 | ML8: =MB8+MF8+MJ8 -> 0 | MO8: =IF(AND(MM8="",MN8=""),0,IF(AND(MM8=$MO$2,MN8=$MP$2),5,IF(AND(SIGN(MM8-MN8)=SIGN($MO$2-$MP$2),OR(MM8=$MO$2,MN8=$MP$2)),4,IF(SIGN(MM8-MN8)=SIGN($MO$2-$MP$2),3,IF(OR(MM8=$MO$2,MN8=$MP$2),1,0))))) -> 0 | MS8: =IF(AND(MQ8="",MR8=""),0,IF(AND(MQ8=$MS$2,MR8=$MT$2),5,IF(AND(SIGN(MQ8-MR8)=SIGN($MS$2-$MT$2),OR(MQ8=$MS$2,MR8=$MT$2)),4,IF(SIGN(MQ8-MR8)=SIGN($MS$2-$MT$2),3,IF(OR(MQ8=$MS$2,MR8=$MT$2),1,0))))) -> 0 | MW8: =IF(AND(MU8="",MV8=""),0,IF(AND(MU8=$MW$2,MV8=$MX$2),5,IF(AND(SIGN(MU8-MV8)=SIGN($MW$2-$MX$2),OR(MU8=$MW$2,MV8=$MX$2)),4,IF(SIGN(MU8-MV8)=SIGN($MW$2-$MX$2),3,IF(OR(MU8=$MW$2,MV8=$MX$2),1,0))))) -> 0 | MY8: =MO8+MS8+MW8 -> 0 | NB8: =IF(AND(MZ8="",NA8=""),0,IF(AND(MZ8=$NB$2,NA8=$NC$2),5,IF(AND(SIGN(MZ8-NA8)=SIGN($NB$2-$NC$2),OR(MZ8=$NB$2,NA8=$NC$2)),4,IF(SIGN(MZ8-NA8)=SIGN($NB$2-$NC$2),3,IF(OR(MZ8=$NB$2,NA8=$NC$2),1,0))))) -> 0 | NF8: =IF(AND(ND8="",NE8=""),0,IF(AND(ND8=$NF$2,NE8=$NG$2),5,IF(AND(SIGN(ND8-NE8)=SIGN($NF$2-$NG$2),OR(ND8=$NF$2,NE8=$NG$2)),4,IF(SIGN(ND8-NE8)=SIGN($NF$2-$NG$2),3,IF(OR(ND8=$NF$2,NE8=$NG$2),1,0))))) -> 0 | NJ8: =IF(AND(NH8="",NI8=""),0,IF(AND(NH8=$NJ$2,NI8=$NK$2),5,IF(AND(SIGN(NH8-NI8)=SIGN($NJ$2-$NK$2),OR(NH8=$NJ$2,NI8=$NK$2)),4,IF(SIGN(NH8-NI8)=SIGN($NJ$2-$NK$2),3,IF(OR(NH8=$NJ$2,NI8=$NK$2),1,0))))) -> 0 | NL8: =NB8+NF8+NJ8 -> 0 | NO8: =IF(AND(NM8="",NN8=""),0,IF(AND(NM8=$NO$2,NN8=$NP$2),5,IF(AND(SIGN(NM8-NN8)=SIGN($NO$2-$NP$2),OR(NM8=$NO$2,NN8=$NP$2)),4,IF(SIGN(NM8-NN8)=SIGN($NO$2-$NP$2),3,IF(OR(NM8=$NO$2,NN8=$NP$2),1,0))))) -> 0 | NS8: =IF(AND(NQ8="",NR8=""),0,IF(AND(NQ8=$NS$2,NR8=$NT$2),5,IF(AND(SIGN(NQ8-NR8)=SIGN($NS$2-$NT$2),OR(NQ8=$NS$2,NR8=$NT$2)),4,IF(SIGN(NQ8-NR8)=SIGN($NS$2-$NT$2),3,IF(OR(NQ8=$NS$2,NR8=$NT$2),1,0))))) -> 0 | NU8: =NO8+NS8 -> 0 | NX8: =IF(AND(NV8="",NW8=""),0,IF(AND(NV8=$NX$2,NW8=$NY$2),5,IF(AND(SIGN(NV8-NW8)=SIGN($NX$2-$NY$2),OR(NV8=$NX$2,NW8=$NY$2)),4,IF(SIGN(NV8-NW8)=SIGN($NX$2-$NY$2),3,IF(OR(NV8=$NX$2,NW8=$NY$2),1,0))))) -> 0 | OB8: =IF(AND(NZ8="",OA8=""),0,IF(AND(NZ8=$OB$2,OA8=$OC$2),5,IF(AND(SIGN(NZ8-OA8)=SIGN($OB$2-$OC$2),OR(NZ8=$OB$2,OA8=$OC$2)),4,IF(SIGN(NZ8-OA8)=SIGN($OB$2-$OC$2),3,IF(OR(NZ8=$OB$2,OA8=$OC$2),1,0))))) -> 0 | OD8: =NX8+OB8 -> 0 | OG8: =IF(AND(OE8="",OF8=""),0,IF(AND(OE8=$OG$2,OF8=$OH$2),5,IF(AND(SIGN(OE8-OF8)=SIGN($OG$2-$OH$2),OR(OE8=$OG$2,OF8=$OH$2)),4,IF(SIGN(OE8-OF8)=SIGN($OG$2-$OH$2),3,IF(OR(OE8=$OG$2,OF8=$OH$2),1,0))))) -> 0 | OK8: =IF(AND(OI8="",OJ8=""),0,IF(AND(OI8=$OK$2,OJ8=$OL$2),5,IF(AND(SIGN(OI8-OJ8)=SIGN($OK$2-$OL$2),OR(OI8=$OK$2,OJ8=$OL$2)),4,IF(SIGN(OI8-OJ8)=SIGN($OK$2-$OL$2),3,IF(OR(OI8=$OK$2,OJ8=$OL$2),1,0))))) -> 0 | OM8: =OG8+OK8 -> 0 | OP8: =IF(AND(ON8="",OO8=""),0,IF(AND(ON8=$OP$2,OO8=$OQ$2),5,IF(AND(SIGN(ON8-OO8)=SIGN($OP$2-$OQ$2),OR(ON8=$OP$2,OO8=$OQ$2)),4,IF(SIGN(ON8-OO8)=SIGN($OP$2-$OQ$2),3,IF(OR(ON8=$OP$2,OO8=$OQ$2),1,0))))) -> 0 | OT8: =IF(AND(OR8="",OS8=""),0,IF(AND(OR8=$OT$2,OS8=$OU$2),5,IF(AND(SIGN(OR8-OS8)=SIGN($OT$2-$OU$2),OR(OR8=$OT$2,OS8=$OU$2)),4,IF(SIGN(OR8-OS8)=SIGN($OT$2-$OU$2),3,IF(OR(OR8=$OT$2,OS8=$OU$2),1,0))))) -> 0 | OV8: =OP8+OT8 -> 0 | OY8: =IF(AND(OW8="",OX8=""),0,IF(AND(OW8=$OY$2,OX8=$OZ$2),5,IF(AND(SIGN(OW8-OX8)=SIGN($OY$2-$OZ$2),OR(OW8=$OY$2,OX8=$OZ$2)),4,IF(SIGN(OW8-OX8)=SIGN($OY$2-$OZ$2),3,IF(OR(OW8=$OY$2,OX8=$OZ$2),1,0))))) -> 0 | PA8: =OY8 -> 0 | PD8: =IF(AND(PB8="",PC8=""),0,IF(AND(PB8=$PD$2,PC8=$PE$2),5,IF(AND(SIGN(PB8-PC8)=SIGN($PD$2-$PE$2),OR(PB8=$PD$2,PC8=$PE$2)),4,IF(SIGN(PB8-PC8)=SIGN($PD$2-$PE$2),3,IF(OR(PB8=$PD$2,PC8=$PE$2),1,0))))) -> 0 | PF8: =PD8 -> 0 | PI8: =IF(AND(PG8="",PH8=""),0,IF(AND(PG8=$PI$2,PH8=$PJ$2),5,IF(AND(SIGN(PG8-PH8)=SIGN($PI$2-$PJ$2),OR(PG8=$PI$2,PH8=$PJ$2)),4,IF(SIGN(PG8-PH8)=SIGN($PI$2-$PJ$2),3,IF(OR(PG8=$PI$2,PH8=$PJ$2),1,0))))) -> 0 | PM8: =IF(AND(PK8="",PL8=""),0,IF(AND(PK8=$PM$2,PL8=$PN$2),5,IF(AND(SIGN(PK8-PL8)=SIGN($PM$2-$PN$2),OR(PK8=$PM$2,PL8=$PN$2)),4,IF(SIGN(PK8-PL8)=SIGN($PM$2-$PN$2),3,IF(OR(PK8=$PM$2,PL8=$PN$2),1,0))))) -> 0 | PO8: =PI8+PM8 -> 0 | PR8: =IF(AND(PP8="",PQ8=""),0,IF(AND(PP8=$PR$2,PQ8=$PS$2),5,IF(AND(SIGN(PP8-PQ8)=SIGN($PR$2-$PS$2),OR(PP8=$PR$2,PQ8=$PS$2)),4,IF(SIGN(PP8-PQ8)=SIGN($PR$2-$PS$2),3,IF(OR(PP8=$PR$2,PQ8=$PS$2),1,0))))) -> 0 | PT8: =PR8 -> 0 | PW8: =IF(AND(PU8="",PV8=""),0,IF(AND(PU8=$PW$2,PV8=$PX$2),5,IF(AND(SIGN(PU8-PV8)=SIGN($PW$2-$PX$2),OR(PU8=$PW$2,PV8=$PX$2)),4,IF(SIGN(PU8-PV8)=SIGN($PW$2-$PX$2),3,IF(OR(PU8=$PW$2,PV8=$PX$2),1,0))))) -> 0 | PY8: =PW8 -> 0 | QB8: =IF(AND(PZ8="",QA8=""),0,IF(AND(PZ8=$QB$2,QA8=$QC$2),5,IF(AND(SIGN(PZ8-QA8)=SIGN($QB$2-$QC$2),OR(PZ8=$QB$2,QA8=$QC$2)),4,IF(SIGN(PZ8-QA8)=SIGN($QB$2-$QC$2),3,IF(OR(PZ8=$QB$2,QA8=$QC$2),1,0))))) -> 0 | QD8: =QB8 -> 0 | QG8: =IF(AND(QE8="",QF8=""),0,IF(AND(QE8=$QG$2,QF8=$QH$2),5,IF(AND(SIGN(QE8-QF8)=SIGN($QG$2-$QH$2),OR(QE8=$QG$2,QF8=$QH$2)),4,IF(SIGN(QE8-QF8)=SIGN($QG$2-$QH$2),3,IF(OR(QE8=$QG$2,QF8=$QH$2),1,0))))) -> 0 | QI8: =QG8 -> 0
A9: Karen Vargas | B9: 2 | C9: 1 | D9: =IF( AND(B9=$D$2, C9=$E$2), 5, IF( AND( SIGN(B9-C9)=SIGN($D$2-$E$2), OR(B9=$D$2, C9=$E$2) ), 4, IF( SIGN(B9-C9)=SIGN($D$2-$E$2), 3, IF( OR(B9=$D$2, C9=$E$2), 1, 0 ) ) )) -> 4 | F9: 2 | G9: 1 | H9: =IF( AND(F9=$H$2, G9=$I$2), 5, IF( AND( SIGN(F9-G9)=SIGN($H$2-$I$2), OR(F9=$H$2, G9=$I$2) ), 4, IF( SIGN(F9-G9)=SIGN($H$2-$I$2), 3, IF( OR(F9=$H$2, G9=$I$2), 1, 0 ) ) )) -> 5 | J9: =D9+H9 -> 9 | K9: 2 | L9: 0 | M9: =IF(AND(K9="",L9=""),0,IF(AND(K9=$M$2,L9=$N$2),5,IF(AND(SIGN(K9-L9)=SIGN($M$2-$N$2),OR(K9=$M$2,L9=$N$2)),4,IF(SIGN(K9-L9)=SIGN($M$2-$N$2),3,IF(OR(K9=$M$2,L9=$N$2),1,0))))) -> 0 | O9: 2 | P9: 1 | Q9: =IF(AND(O9="",P9=""),0,IF(AND(O9=$Q$2,P9=$R$2),5,IF(AND(SIGN(O9-P9)=SIGN($Q$2-$R$2),OR(O9=$Q$2,P9=$R$2)),4,IF(SIGN(O9-P9)=SIGN($Q$2-$R$2),3,IF(OR(O9=$Q$2,P9=$R$2),1,0))))) -> 4 | S9: =M9+Q9 -> 4 | T9: 0 | U9: 1 | V9: =IF(AND(T9="",U9=""),0,IF(AND(T9=$V$2,U9=$W$2),5,IF(AND(SIGN(T9-U9)=SIGN($V$2-$W$2),OR(T9=$V$2,U9=$W$2)),4,IF(SIGN(T9-U9)=SIGN($V$2-$W$2),3,IF(OR(T9=$V$2,U9=$W$2),1,0))))) -> 1 | X9: 2 | Y9: 1 | Z9: =IF(AND(X9="",Y9=""),0,IF(AND(X9=$Z$2,Y9=$AA$2),5,IF(AND(SIGN(X9-Y9)=SIGN($Z$2-$AA$2),OR(X9=$Z$2,Y9=$AA$2)),4,IF(SIGN(X9-Y9)=SIGN($Z$2-$AA$2),3,IF(OR(X9=$Z$2,Y9=$AA$2),1,0))))) -> 1 | AB9: 1 | AC9: 2 | AD9: =IF(AND(AB9="",AC9=""),0,IF(AND(AB9=$AD$2,AC9=$AE$2),5,IF(AND(SIGN(AB9-AC9)=SIGN($AD$2-$AE$2),OR(AB9=$AD$2,AC9=$AE$2)),4,IF(SIGN(AB9-AC9)=SIGN($AD$2-$AE$2),3,IF(OR(AB9=$AD$2,AC9=$AE$2),1,0))))) -> 3 | AF9: 1 | AG9: 2 | AH9: =IF(AND(AF9="",AG9=""),0,IF(AND(AF9=$AH$2,AG9=$AI$2),5,IF(AND(SIGN(AF9-AG9)=SIGN($AH$2-$AI$2),OR(AF9=$AH$2,AG9=$AI$2)),4,IF(SIGN(AF9-AG9)=SIGN($AH$2-$AI$2),3,IF(OR(AF9=$AH$2,AG9=$AI$2),1,0))))) -> 0 | AJ9: =V9+Z9+AD9+AH9 -> 5 | AK9: 3 | AL9: 0 | AM9: =IF(AND(AK9="",AL9=""),0,IF(AND(AK9=$AM$2,AL9=$AN$2),5,IF(AND(SIGN(AK9-AL9)=SIGN($AM$2-$AN$2),OR(AK9=$AM$2,AL9=$AN$2)),4,IF(SIGN(AK9-AL9)=SIGN($AM$2-$AN$2),3,IF(OR(AK9=$AM$2,AL9=$AN$2),1,0))))) -> 3 | AO9: 2 | AP9: 1 | AQ9: =IF(AND(AO9="",AP9=""),0,IF(AND(AO9=$AQ$2,AP9=$AR$2),5,IF(AND(SIGN(AO9-AP9)=SIGN($AQ$2-$AR$2),OR(AO9=$AQ$2,AP9=$AR$2)),4,IF(SIGN(AO9-AP9)=SIGN($AQ$2-$AR$2),3,IF(OR(AO9=$AQ$2,AP9=$AR$2),1,0))))) -> 1 | AS9: 1 | AT9: 1 | AU9: =IF(AND(AS9="",AT9=""),0,IF(AND(AS9=$AU$2,AT9=$AV$2),5,IF(AND(SIGN(AS9-AT9)=SIGN($AU$2-$AV$2),OR(AS9=$AU$2,AT9=$AV$2)),4,IF(SIGN(AS9-AT9)=SIGN($AU$2-$AV$2),3,IF(OR(AS9=$AU$2,AT9=$AV$2),1,0))))) -> 1 | AW9: 2 | AX9: 0 | AY9: =IF(AND(AW9="",AX9=""),0,IF(AND(AW9=$AY$2,AX9=$AZ$2),5,IF(AND(SIGN(AW9-AX9)=SIGN($AY$2-$AZ$2),OR(AW9=$AY$2,AX9=$AZ$2)),4,IF(SIGN(AW9-AX9)=SIGN($AY$2-$AZ$2),3,IF(OR(AW9=$AY$2,AX9=$AZ$2),1,0))))) -> 3 | BA9: =AM9+AQ9+AU9+AY9 -> 8 | BB9: 3 | BC9: 1 | BD9: =IF(AND(BB9="",BC9=""),0,IF(AND(BB9=$BD$2,BC9=$BE$2),5,IF(AND(SIGN(BB9-BC9)=SIGN($BD$2-$BE$2),OR(BB9=$BD$2,BC9=$BE$2)),4,IF(SIGN(BB9-BC9)=SIGN($BD$2-$BE$2),3,IF(OR(BB9=$BD$2,BC9=$BE$2),1,0))))) -> 0 | BF9: 2 | BG9: 1 | BH9: =IF(AND(BF9="",BG9=""),0,IF(AND(BF9=$BH$2,BG9=$BI$2),5,IF(AND(SIGN(BF9-BG9)=SIGN($BH$2-$BI$2),OR(BF9=$BH$2,BG9=$BI$2)),4,IF(SIGN(BF9-BG9)=SIGN($BH$2-$BI$2),3,IF(OR(BF9=$BH$2,BG9=$BI$2),1,0))))) -> 1 | BJ9: 0 | BK9: 1 | BL9: =IF(AND(BJ9="",BK9=""),0,IF(AND(BJ9=$BL$2,BK9=$BM$2),5,IF(AND(SIGN(BJ9-BK9)=SIGN($BL$2-$BM$2),OR(BJ9=$BL$2,BK9=$BM$2)),4,IF(SIGN(BJ9-BK9)=SIGN($BL$2-$BM$2),3,IF(OR(BJ9=$BL$2,BK9=$BM$2),1,0))))) -> 1 | BN9: 1 | BO9: 0 | BP9: =IF(AND(BN9="",BO9=""),0,IF(AND(BN9=$BP$2,BO9=$BQ$2),5,IF(AND(SIGN(BN9-BO9)=SIGN($BP$2-$BQ$2),OR(BN9=$BP$2,BO9=$BQ$2)),4,IF(SIGN(BN9-BO9)=SIGN($BP$2-$BQ$2),3,IF(OR(BN9=$BP$2,BO9=$BQ$2),1,0))))) -> 0 | BR9: =BD9+BH9+BL9+BP9 -> 2 | BS9: 2 | BT9: 1 | BU9: =IF(AND(BS9="",BT9=""),0,IF(AND(BS9=$BU$2,BT9=$BV$2),5,IF(AND(SIGN(BS9-BT9)=SIGN($BU$2-$BV$2),OR(BS9=$BU$2,BT9=$BV$2)),4,IF(SIGN(BS9-BT9)=SIGN($BU$2-$BV$2),3,IF(OR(BS9=$BU$2,BT9=$BV$2),1,0))))) -> 4 | BW9: 1 | BX9: 2 | BY9: =IF(AND(BW9="",BX9=""),0,IF(AND(BW9=$BY$2,BX9=$BZ$2),5,IF(AND(SIGN(BW9-BX9)=SIGN($BY$2-$BZ$2),OR(BW9=$BY$2,BX9=$BZ$2)),4,IF(SIGN(BW9-BX9)=SIGN($BY$2-$BZ$2),3,IF(OR(BW9=$BY$2,BX9=$BZ$2),1,0))))) -> 4 | CA9: 3 | CB9: 1 | CC9: =IF(AND(CA9="",CB9=""),0,IF(AND(CA9=$CC$2,CB9=$CD$2),5,IF(AND(SIGN(CA9-CB9)=SIGN($CC$2-$CD$2),OR(CA9=$CC$2,CB9=$CD$2)),4,IF(SIGN(CA9-CB9)=SIGN($CC$2-$CD$2),3,IF(OR(CA9=$CC$2,CB9=$CD$2),1,0))))) -> 4 | CE9: 2 | CF9: 0 | CG9: =IF(AND(CE9="",CF9=""),0,IF(AND(CE9=$CG$2,CF9=$CH$2),5,IF(AND(SIGN(CE9-CF9)=SIGN($CG$2-$CH$2),OR(CE9=$CG$2,CF9=$CH$2)),4,IF(SIGN(CE9-CF9)=SIGN($CG$2-$CH$2),3,IF(OR(CE9=$CG$2,CF9=$CH$2),1,0))))) -> 3 | CI9: =BU9+BY9+CC9+CG9 -> 15 | CJ9: 2 | CK9: 0 | CL9: =IF(AND(CJ9="",CK9=""),0,IF(AND(CJ9=$CL$2,CK9=$CM$2),5,IF(AND(SIGN(CJ9-CK9)=SIGN($CL$2-$CM$2),OR(CJ9=$CL$2,CK9=$CM$2)),4,IF(SIGN(CJ9-CK9)=SIGN($CL$2-$CM$2),3,IF(OR(CJ9=$CL$2,CK9=$CM$2),1,0))))) -> 0 | CN9: 2 | CO9: 1 | CP9: =IF(AND(CN9="",CO9=""),0,IF(AND(CN9=$CP$2,CO9=$CQ$2),5,IF(AND(SIGN(CN9-CO9)=SIGN($CP$2-$CQ$2),OR(CN9=$CP$2,CO9=$CQ$2)),4,IF(SIGN(CN9-CO9)=SIGN($CP$2-$CQ$2),3,IF(OR(CN9=$CP$2,CO9=$CQ$2),1,0))))) -> 3 | CR9: 1 | CS9: 1 | CT9: =IF(AND(CR9="",CS9=""),0,IF(AND(CR9=$CT$2,CS9=$CU$2),5,IF(AND(SIGN(CR9-CS9)=SIGN($CT$2-$CU$2),OR(CR9=$CT$2,CS9=$CU$2)),4,IF(SIGN(CR9-CS9)=SIGN($CT$2-$CU$2),3,IF(OR(CR9=$CT$2,CS9=$CU$2),1,0))))) -> 1 | CV9: 1 | CW9: 2 | CX9: =IF(AND(CV9="",CW9=""),0,IF(AND(CV9=$CX$2,CW9=$CY$2),5,IF(AND(SIGN(CV9-CW9)=SIGN($CX$2-$CY$2),OR(CV9=$CX$2,CW9=$CY$2)),4,IF(SIGN(CV9-CW9)=SIGN($CX$2-$CY$2),3,IF(OR(CV9=$CX$2,CW9=$CY$2),1,0))))) -> 4 | CZ9: =CL9+CP9+CT9+CX9 -> 8 | DA9: 2 | DB9: 1 | DC9: =IF(AND(DA9="",DB9=""),0,IF(AND(DA9=$DC$2,DB9=$DD$2),5,IF(AND(SIGN(DA9-DB9)=SIGN($DC$2-$DD$2),OR(DA9=$DC$2,DB9=$DD$2)),4,IF(SIGN(DA9-DB9)=SIGN($DC$2-$DD$2),3,IF(OR(DA9=$DC$2,DB9=$DD$2),1,0))))) -> 1 | DE9: 2 | DF9: 0 | DG9: =IF(AND(DE9="",DF9=""),0,IF(AND(DE9=$DG$2,DF9=$DH$2),5,IF(AND(SIGN(DE9-DF9)=SIGN($DG$2-$DH$2),OR(DE9=$DG$2,DF9=$DH$2)),4,IF(SIGN(DE9-DF9)=SIGN($DG$2-$DH$2),3,IF(OR(DE9=$DG$2,DF9=$DH$2),1,0))))) -> 3 | DI9: 1 | DJ9: 0 | DK9: =IF(AND(DI9="",DJ9=""),0,IF(AND(DI9=$DK$2,DJ9=$DL$2),5,IF(AND(SIGN(DI9-DJ9)=SIGN($DK$2-$DL$2),OR(DI9=$DK$2,DJ9=$DL$2)),4,IF(SIGN(DI9-DJ9)=SIGN($DK$2-$DL$2),3,IF(OR(DI9=$DK$2,DJ9=$DL$2),1,0))))) -> 4 | DM9: 1 | DN9: 1 | DO9: =IF(AND(DM9="",DN9=""),0,IF(AND(DM9=$DO$2,DN9=$DP$2),5,IF(AND(SIGN(DM9-DN9)=SIGN($DO$2-$DP$2),OR(DM9=$DO$2,DN9=$DP$2)),4,IF(SIGN(DM9-DN9)=SIGN($DO$2-$DP$2),3,IF(OR(DM9=$DO$2,DN9=$DP$2),1,0))))) -> 1 | DQ9: =DC9+DG9+DK9+DO9 -> 9 | DR9: 2 | DS9: 1 | DT9: =IF(AND(DR9="",DS9=""),0,IF(AND(DR9=$DT$2,DS9=$DU$2),5,IF(AND(SIGN(DR9-DS9)=SIGN($DT$2-$DU$2),OR(DR9=$DT$2,DS9=$DU$2)),4,IF(SIGN(DR9-DS9)=SIGN($DT$2-$DU$2),3,IF(OR(DR9=$DT$2,DS9=$DU$2),1,0))))) -> 4 | DV9: 1 | DW9: 2 | DX9: =IF(AND(DV9="",DW9=""),0,IF(AND(DV9=$DX$2,DW9=$DY$2),5,IF(AND(SIGN(DV9-DW9)=SIGN($DX$2-$DY$2),OR(DV9=$DX$2,DW9=$DY$2)),4,IF(SIGN(DV9-DW9)=SIGN($DX$2-$DY$2),3,IF(OR(DV9=$DX$2,DW9=$DY$2),1,0))))) -> 3 | DZ9: 3 | EA9: 0 | EB9: =IF(AND(DZ9="",EA9=""),0,IF(AND(DZ9=$EB$2,EA9=$EC$2),5,IF(AND(SIGN(DZ9-EA9)=SIGN($EB$2-$EC$2),OR(DZ9=$EB$2,EA9=$EC$2)),4,IF(SIGN(DZ9-EA9)=SIGN($EB$2-$EC$2),3,IF(OR(DZ9=$EB$2,EA9=$EC$2),1,0))))) -> 5 | ED9: 2 | EE9: 1 | EF9: =IF(AND(ED9="",EE9=""),0,IF(AND(ED9=$EF$2,EE9=$EG$2),5,IF(AND(SIGN(ED9-EE9)=SIGN($EF$2-$EG$2),OR(ED9=$EF$2,EE9=$EG$2)),4,IF(SIGN(ED9-EE9)=SIGN($EF$2-$EG$2),3,IF(OR(ED9=$EF$2,EE9=$EG$2),1,0))))) -> 1 | EH9: =DT9+DX9+EB9+EF9 -> 13 | EI9: 2 | EJ9: 0 | EK9: =IF(AND(EI9="",EJ9=""),0,IF(AND(EI9=$EK$2,EJ9=$EL$2),5,IF(AND(SIGN(EI9-EJ9)=SIGN($EK$2-$EL$2),OR(EI9=$EK$2,EJ9=$EL$2)),4,IF(SIGN(EI9-EJ9)=SIGN($EK$2-$EL$2),3,IF(OR(EI9=$EK$2,EJ9=$EL$2),1,0))))) -> 3 | EM9: 3 | EN9: 0 | EO9: =IF(AND(EM9="",EN9=""),0,IF(AND(EM9=$EO$2,EN9=$EP$2),5,IF(AND(SIGN(EM9-EN9)=SIGN($EO$2-$EP$2),OR(EM9=$EO$2,EN9=$EP$2)),4,IF(SIGN(EM9-EN9)=SIGN($EO$2-$EP$2),3,IF(OR(EM9=$EO$2,EN9=$EP$2),1,0))))) -> 3 | EQ9: 2 | ER9: 0 | ES9: =IF(AND(EQ9="",ER9=""),0,IF(AND(EQ9=$ES$2,ER9=$ET$2),5,IF(AND(SIGN(EQ9-ER9)=SIGN($ES$2-$ET$2),OR(EQ9=$ES$2,ER9=$ET$2)),4,IF(SIGN(EQ9-ER9)=SIGN($ES$2-$ET$2),3,IF(OR(EQ9=$ES$2,ER9=$ET$2),1,0))))) -> 1 | EU9: 1 | EV9: 1 | EW9: =IF(AND(EU9="",EV9=""),0,IF(AND(EU9=$EW$2,EV9=$EX$2),5,IF(AND(SIGN(EU9-EV9)=SIGN($EW$2-$EX$2),OR(EU9=$EW$2,EV9=$EX$2)),4,IF(SIGN(EU9-EV9)=SIGN($EW$2-$EX$2),3,IF(OR(EU9=$EW$2,EV9=$EX$2),1,0))))) -> 0 | EY9: =EK9+EO9+ES9+EW9 -> 7 | EZ9: 2 | FA9: 0 | FD9: 2 | FE9: 0 | FH9: 2 | FI9: 1 | FL9: 1 | FM9: 2 | FP9: =FB9+FF9+FJ9+FN9 -> 0 | FS9: =IF(AND(FQ9="",FR9=""),0,IF(AND(FQ9=$FS$2,FR9=$FT$2),5,IF(AND(SIGN(FQ9-FR9)=SIGN($FS$2-$FT$2),OR(FQ9=$FS$2,FR9=$FT$2)),4,IF(SIGN(FQ9-FR9)=SIGN($FS$2-$FT$2),3,IF(OR(FQ9=$FS$2,FR9=$FT$2),1,0))))) -> 0 | FW9: =IF(AND(FU9="",FV9=""),0,IF(AND(FU9=$FW$2,FV9=$FX$2),5,IF(AND(SIGN(FU9-FV9)=SIGN($FW$2-$FX$2),OR(FU9=$FW$2,FV9=$FX$2)),4,IF(SIGN(FU9-FV9)=SIGN($FW$2-$FX$2),3,IF(OR(FU9=$FW$2,FV9=$FX$2),1,0))))) -> 0 | GA9: =IF(AND(FY9="",FZ9=""),0,IF(AND(FY9=$GA$2,FZ9=$GB$2),5,IF(AND(SIGN(FY9-FZ9)=SIGN($GA$2-$GB$2),OR(FY9=$GA$2,FZ9=$GB$2)),4,IF(SIGN(FY9-FZ9)=SIGN($GA$2-$GB$2),3,IF(OR(FY9=$GA$2,FZ9=$GB$2),1,0))))) -> 0 | GE9: =IF(AND(GC9="",GD9=""),0,IF(AND(GC9=$GE$2,GD9=$GF$2),5,IF(AND(SIGN(GC9-GD9)=SIGN($GE$2-$GF$2),OR(GC9=$GE$2,GD9=$GF$2)),4,IF(SIGN(GC9-GD9)=SIGN($GE$2-$GF$2),3,IF(OR(GC9=$GE$2,GD9=$GF$2),1,0))))) -> 0 | GG9: =FS9+FW9+GA9+GE9 -> 0 | GJ9: =IF(AND(GH9="",GI9=""),0,IF(AND(GH9=$GJ$2,GI9=$GK$2),5,IF(AND(SIGN(GH9-GI9)=SIGN($GJ$2-$GK$2),OR(GH9=$GJ$2,GI9=$GK$2)),4,IF(SIGN(GH9-GI9)=SIGN($GJ$2-$GK$2),3,IF(OR(GH9=$GJ$2,GI9=$GK$2),1,0))))) -> 0 | GN9: =IF(AND(GL9="",GM9=""),0,IF(AND(GL9=$GN$2,GM9=$GO$2),5,IF(AND(SIGN(GL9-GM9)=SIGN($GN$2-$GO$2),OR(GL9=$GN$2,GM9=$GO$2)),4,IF(SIGN(GL9-GM9)=SIGN($GN$2-$GO$2),3,IF(OR(GL9=$GN$2,GM9=$GO$2),1,0))))) -> 0 | GR9: =IF(AND(GP9="",GQ9=""),0,IF(AND(GP9=$GR$2,GQ9=$GS$2),5,IF(AND(SIGN(GP9-GQ9)=SIGN($GR$2-$GS$2),OR(GP9=$GR$2,GQ9=$GS$2)),4,IF(SIGN(GP9-GQ9)=SIGN($GR$2-$GS$2),3,IF(OR(GP9=$GR$2,GQ9=$GS$2),1,0))))) -> 0 | GV9: =IF(AND(GT9="",GU9=""),0,IF(AND(GT9=$GV$2,GU9=$GW$2),5,IF(AND(SIGN(GT9-GU9)=SIGN($GV$2-$GW$2),OR(GT9=$GV$2,GU9=$GW$2)),4,IF(SIGN(GT9-GU9)=SIGN($GV$2-$GW$2),3,IF(OR(GT9=$GV$2,GU9=$GW$2),1,0))))) -> 0 | GX9: =GJ9+GN9+GR9+GV9 -> 0 | HA9: =IF(AND(GY9="",GZ9=""),0,IF(AND(GY9=$HA$2,GZ9=$HB$2),5,IF(AND(SIGN(GY9-GZ9)=SIGN($HA$2-$HB$2),OR(GY9=$HA$2,GZ9=$HB$2)),4,IF(SIGN(GY9-GZ9)=SIGN($HA$2-$HB$2),3,IF(OR(GY9=$HA$2,GZ9=$HB$2),1,0))))) -> 0 | HE9: =IF(AND(HC9="",HD9=""),0,IF(AND(HC9=$HE$2,HD9=$HF$2),5,IF(AND(SIGN(HC9-HD9)=SIGN($HE$2-$HF$2),OR(HC9=$HE$2,HD9=$HF$2)),4,IF(SIGN(HC9-HD9)=SIGN($HE$2-$HF$2),3,IF(OR(HC9=$HE$2,HD9=$HF$2),1,0))))) -> 0 | HI9: =IF(AND(HG9="",HH9=""),0,IF(AND(HG9=$HI$2,HH9=$HJ$2),5,IF(AND(SIGN(HG9-HH9)=SIGN($HI$2-$HJ$2),OR(HG9=$HI$2,HH9=$HJ$2)),4,IF(SIGN(HG9-HH9)=SIGN($HI$2-$HJ$2),3,IF(OR(HG9=$HI$2,HH9=$HJ$2),1,0))))) -> 0 | HM9: =IF(AND(HK9="",HL9=""),0,IF(AND(HK9=$HM$2,HL9=$HN$2),5,IF(AND(SIGN(HK9-HL9)=SIGN($HM$2-$HN$2),OR(HK9=$HM$2,HL9=$HN$2)),4,IF(SIGN(HK9-HL9)=SIGN($HM$2-$HN$2),3,IF(OR(HK9=$HM$2,HL9=$HN$2),1,0))))) -> 0 | HQ9: =IF(AND(HO9="",HP9=""),0,IF(AND(HO9=$HQ$2,HP9=$HR$2),5,IF(AND(SIGN(HO9-HP9)=SIGN($HQ$2-$HR$2),OR(HO9=$HQ$2,HP9=$HR$2)),4,IF(SIGN(HO9-HP9)=SIGN($HQ$2-$HR$2),3,IF(OR(HO9=$HQ$2,HP9=$HR$2),1,0))))) -> 0 | HU9: =IF(AND(HS9="",HT9=""),0,IF(AND(HS9=$HU$2,HT9=$HV$2),5,IF(AND(SIGN(HS9-HT9)=SIGN($HU$2-$HV$2),OR(HS9=$HU$2,HT9=$HV$2)),4,IF(SIGN(HS9-HT9)=SIGN($HU$2-$HV$2),3,IF(OR(HS9=$HU$2,HT9=$HV$2),1,0))))) -> 0 | HW9: =HI9+HM9+HQ9+HU9+HE9+HA9 -> 0 | HZ9: =IF(AND(HX9="",HY9=""),0,IF(AND(HX9=$HZ$2,HY9=$IA$2),5,IF(AND(SIGN(HX9-HY9)=SIGN($HZ$2-$IA$2),OR(HX9=$HZ$2,HY9=$IA$2)),4,IF(SIGN(HX9-HY9)=SIGN($HZ$2-$IA$2),3,IF(OR(HX9=$HZ$2,HY9=$IA$2),1,0))))) -> 0 | ID9: =IF(AND(IB9="",IC9=""),0,IF(AND(IB9=$ID$2,IC9=$IE$2),5,IF(AND(SIGN(IB9-IC9)=SIGN($ID$2-$IE$2),OR(IB9=$ID$2,IC9=$IE$2)),4,IF(SIGN(IB9-IC9)=SIGN($ID$2-$IE$2),3,IF(OR(IB9=$ID$2,IC9=$IE$2),1,0))))) -> 0 | IH9: =IF(AND(IF9="",IG9=""),0,IF(AND(IF9=$IH$2,IG9=$II$2),5,IF(AND(SIGN(IF9-IG9)=SIGN($IH$2-$II$2),OR(IF9=$IH$2,IG9=$II$2)),4,IF(SIGN(IF9-IG9)=SIGN($IH$2-$II$2),3,IF(OR(IF9=$IH$2,IG9=$II$2),1,0))))) -> 0 | IL9: =IF(AND(IJ9="",IK9=""),0,IF(AND(IJ9=$IL$2,IK9=$IM$2),5,IF(AND(SIGN(IJ9-IK9)=SIGN($IL$2-$IM$2),OR(IJ9=$IL$2,IK9=$IM$2)),4,IF(SIGN(IJ9-IK9)=SIGN($IL$2-$IM$2),3,IF(OR(IJ9=$IL$2,IK9=$IM$2),1,0))))) -> 0 | IP9: =IF(AND(IN9="",IO9=""),0,IF(AND(IN9=$IP$2,IO9=$IQ$2),5,IF(AND(SIGN(IN9-IO9)=SIGN($IP$2-$IQ$2),OR(IN9=$IP$2,IO9=$IQ$2)),4,IF(SIGN(IN9-IO9)=SIGN($IP$2-$IQ$2),3,IF(OR(IN9=$IP$2,IO9=$IQ$2),1,0))))) -> 0 | IT9: =IF(AND(IR9="",IS9=""),0,IF(AND(IR9=$IT$2,IS9=$IU$2),5,IF(AND(SIGN(IR9-IS9)=SIGN($IT$2-$IU$2),OR(IR9=$IT$2,IS9=$IU$2)),4,IF(SIGN(IR9-IS9)=SIGN($IT$2-$IU$2),3,IF(OR(IR9=$IT$2,IS9=$IU$2),1,0))))) -> 0 | IV9: =IH9+IL9+IP9+IT9+ID9+HZ9 -> 0 | IY9: =IF(AND(IW9="",IX9=""),0,IF(AND(IW9=$IY$2,IX9=$IZ$2),5,IF(AND(SIGN(IW9-IX9)=SIGN($IY$2-$IZ$2),OR(IW9=$IY$2,IX9=$IZ$2)),4,IF(SIGN(IW9-IX9)=SIGN($IY$2-$IZ$2),3,IF(OR(IW9=$IY$2,IX9=$IZ$2),1,0))))) -> 0 | JC9: =IF(AND(JA9="",JB9=""),0,IF(AND(JA9=$JC$2,JB9=$JD$2),5,IF(AND(SIGN(JA9-JB9)=SIGN($JC$2-$JD$2),OR(JA9=$JC$2,JB9=$JD$2)),4,IF(SIGN(JA9-JB9)=SIGN($JC$2-$JD$2),3,IF(OR(JA9=$JC$2,JB9=$JD$2),1,0))))) -> 0 | JG9: =IF(AND(JE9="",JF9=""),0,IF(AND(JE9=$JG$2,JF9=$JH$2),5,IF(AND(SIGN(JE9-JF9)=SIGN($JG$2-$JH$2),OR(JE9=$JG$2,JF9=$JH$2)),4,IF(SIGN(JE9-JF9)=SIGN($JG$2-$JH$2),3,IF(OR(JE9=$JG$2,JF9=$JH$2),1,0))))) -> 0 | JK9: =IF(AND(JI9="",JJ9=""),0,IF(AND(JI9=$JK$2,JJ9=$JL$2),5,IF(AND(SIGN(JI9-JJ9)=SIGN($JK$2-$JL$2),OR(JI9=$JK$2,JJ9=$JL$2)),4,IF(SIGN(JI9-JJ9)=SIGN($JK$2-$JL$2),3,IF(OR(JI9=$JK$2,JJ9=$JL$2),1,0))))) -> 0 | JO9: =IF(AND(JM9="",JN9=""),0,IF(AND(JM9=$JO$2,JN9=$JP$2),5,IF(AND(SIGN(JM9-JN9)=SIGN($JO$2-$JP$2),OR(JM9=$JO$2,JN9=$JP$2)),4,IF(SIGN(JM9-JN9)=SIGN($JO$2-$JP$2),3,IF(OR(JM9=$JO$2,JN9=$JP$2),1,0))))) -> 0 | JS9: =IF(AND(JQ9="",JR9=""),0,IF(AND(JQ9=$JS$2,JR9=$JT$2),5,IF(AND(SIGN(JQ9-JR9)=SIGN($JS$2-$JT$2),OR(JQ9=$JS$2,JR9=$JT$2)),4,IF(SIGN(JQ9-JR9)=SIGN($JS$2-$JT$2),3,IF(OR(JQ9=$JS$2,JR9=$JT$2),1,0))))) -> 0 | JU9: =JG9+JK9+JO9+JS9+JC9+IY9 -> 0 | JX9: =IF(AND(JV9="",JW9=""),0,IF(AND(JV9=$JX$2,JW9=$JY$2),5,IF(AND(SIGN(JV9-JW9)=SIGN($JX$2-$JY$2),OR(JV9=$JX$2,JW9=$JY$2)),4,IF(SIGN(JV9-JW9)=SIGN($JX$2-$JY$2),3,IF(OR(JV9=$JX$2,JW9=$JY$2),1,0))))) -> 0 | KB9: =IF(AND(JZ9="",KA9=""),0,IF(AND(JZ9=$KB$2,KA9=$KC$2),5,IF(AND(SIGN(JZ9-KA9)=SIGN($KB$2-$KC$2),OR(JZ9=$KB$2,KA9=$KC$2)),4,IF(SIGN(JZ9-KA9)=SIGN($KB$2-$KC$2),3,IF(OR(JZ9=$KB$2,KA9=$KC$2),1,0))))) -> 0 | KF9: =IF(AND(KD9="",KE9=""),0,IF(AND(KD9=$KF$2,KE9=$KG$2),5,IF(AND(SIGN(KD9-KE9)=SIGN($KF$2-$KG$2),OR(KD9=$KF$2,KE9=$KG$2)),4,IF(SIGN(KD9-KE9)=SIGN($KF$2-$KG$2),3,IF(OR(KD9=$KF$2,KE9=$KG$2),1,0))))) -> 0 | KJ9: =IF(AND(KH9="",KI9=""),0,IF(AND(KH9=$KJ$2,KI9=$KK$2),5,IF(AND(SIGN(KH9-KI9)=SIGN($KJ$2-$KK$2),OR(KH9=$KJ$2,KI9=$KK$2)),4,IF(SIGN(KH9-KI9)=SIGN($KJ$2-$KK$2),3,IF(OR(KH9=$KJ$2,KI9=$KK$2),1,0))))) -> 0 | KN9: =IF(AND(KL9="",KM9=""),0,IF(AND(KL9=$KN$2,KM9=$KO$2),5,IF(AND(SIGN(KL9-KM9)=SIGN($KN$2-$KO$2),OR(KL9=$KN$2,KM9=$KO$2)),4,IF(SIGN(KL9-KM9)=SIGN($KN$2-$KO$2),3,IF(OR(KL9=$KN$2,KM9=$KO$2),1,0))))) -> 0 | KR9: =IF(AND(KP9="",KQ9=""),0,IF(AND(KP9=$KR$2,KQ9=$KS$2),5,IF(AND(SIGN(KP9-KQ9)=SIGN($KR$2-$KS$2),OR(KP9=$KR$2,KQ9=$KS$2)),4,IF(SIGN(KP9-KQ9)=SIGN($KR$2-$KS$2),3,IF(OR(KP9=$KR$2,KQ9=$KS$2),1,0))))) -> 0 | KT9: =KF9+KJ9+KN9+KR9+KB9+JX9 -> 0 | KW9: =IF(AND(KU9="",KV9=""),0,IF(AND(KU9=$KW$2,KV9=$KX$2),5,IF(AND(SIGN(KU9-KV9)=SIGN($KW$2-$KX$2),OR(KU9=$KW$2,KV9=$KX$2)),4,IF(SIGN(KU9-KV9)=SIGN($KW$2-$KX$2),3,IF(OR(KU9=$KW$2,KV9=$KX$2),1,0))))) -> 0 | KY9: =KW9 -> 0 | LB9: =IF(AND(KZ9="",LA9=""),0,IF(AND(KZ9=$LB$2,LA9=$LC$2),5,IF(AND(SIGN(KZ9-LA9)=SIGN($LB$2-$LC$2),OR(KZ9=$LB$2,LA9=$LC$2)),4,IF(SIGN(KZ9-LA9)=SIGN($LB$2-$LC$2),3,IF(OR(KZ9=$LB$2,LA9=$LC$2),1,0))))) -> 0 | LF9: =IF(AND(LD9="",LE9=""),0,IF(AND(LD9=$LF$2,LE9=$LG$2),5,IF(AND(SIGN(LD9-LE9)=SIGN($LF$2-$LG$2),OR(LD9=$LF$2,LE9=$LG$2)),4,IF(SIGN(LD9-LE9)=SIGN($LF$2-$LG$2),3,IF(OR(LD9=$LF$2,LE9=$LG$2),1,0))))) -> 0 | LJ9: =IF(AND(LH9="",LI9=""),0,IF(AND(LH9=$LJ$2,LI9=$LK$2),5,IF(AND(SIGN(LH9-LI9)=SIGN($LJ$2-$LK$2),OR(LH9=$LJ$2,LI9=$LK$2)),4,IF(SIGN(LH9-LI9)=SIGN($LJ$2-$LK$2),3,IF(OR(LH9=$LJ$2,LI9=$LK$2),1,0))))) -> 0 | LL9: =LB9+LF9+LJ9 -> 0 | LO9: =IF(AND(LM9="",LN9=""),0,IF(AND(LM9=$LO$2,LN9=$LP$2),5,IF(AND(SIGN(LM9-LN9)=SIGN($LO$2-$LP$2),OR(LM9=$LO$2,LN9=$LP$2)),4,IF(SIGN(LM9-LN9)=SIGN($LO$2-$LP$2),3,IF(OR(LM9=$LO$2,LN9=$LP$2),1,0))))) -> 0 | LS9: =IF(AND(LQ9="",LR9=""),0,IF(AND(LQ9=$LS$2,LR9=$LT$2),5,IF(AND(SIGN(LQ9-LR9)=SIGN($LS$2-$LT$2),OR(LQ9=$LS$2,LR9=$LT$2)),4,IF(SIGN(LQ9-LR9)=SIGN($LS$2-$LT$2),3,IF(OR(LQ9=$LS$2,LR9=$LT$2),1,0))))) -> 0 | LW9: =IF(AND(LU9="",LV9=""),0,IF(AND(LU9=$LW$2,LV9=$LX$2),5,IF(AND(SIGN(LU9-LV9)=SIGN($LW$2-$LX$2),OR(LU9=$LW$2,LV9=$LX$2)),4,IF(SIGN(LU9-LV9)=SIGN($LW$2-$LX$2),3,IF(OR(LU9=$LW$2,LV9=$LX$2),1,0))))) -> 0 | LY9: =LO9+LS9+LW9 -> 0 | MB9: =IF(AND(LZ9="",MA9=""),0,IF(AND(LZ9=$MB$2,MA9=$MC$2),5,IF(AND(SIGN(LZ9-MA9)=SIGN($MB$2-$MC$2),OR(LZ9=$MB$2,MA9=$MC$2)),4,IF(SIGN(LZ9-MA9)=SIGN($MB$2-$MC$2),3,IF(OR(LZ9=$MB$2,MA9=$MC$2),1,0))))) -> 0 | MF9: =IF(AND(MD9="",ME9=""),0,IF(AND(MD9=$MF$2,ME9=$MG$2),5,IF(AND(SIGN(MD9-ME9)=SIGN($MF$2-$MG$2),OR(MD9=$MF$2,ME9=$MG$2)),4,IF(SIGN(MD9-ME9)=SIGN($MF$2-$MG$2),3,IF(OR(MD9=$MF$2,ME9=$MG$2),1,0))))) -> 0 | MJ9: =IF(AND(MH9="",MI9=""),0,IF(AND(MH9=$MJ$2,MI9=$MK$2),5,IF(AND(SIGN(MH9-MI9)=SIGN($MJ$2-$MK$2),OR(MH9=$MJ$2,MI9=$MK$2)),4,IF(SIGN(MH9-MI9)=SIGN($MJ$2-$MK$2),3,IF(OR(MH9=$MJ$2,MI9=$MK$2),1,0))))) -> 0 | ML9: =MB9+MF9+MJ9 -> 0 | MO9: =IF(AND(MM9="",MN9=""),0,IF(AND(MM9=$MO$2,MN9=$MP$2),5,IF(AND(SIGN(MM9-MN9)=SIGN($MO$2-$MP$2),OR(MM9=$MO$2,MN9=$MP$2)),4,IF(SIGN(MM9-MN9)=SIGN($MO$2-$MP$2),3,IF(OR(MM9=$MO$2,MN9=$MP$2),1,0))))) -> 0 | MS9: =IF(AND(MQ9="",MR9=""),0,IF(AND(MQ9=$MS$2,MR9=$MT$2),5,IF(AND(SIGN(MQ9-MR9)=SIGN($MS$2-$MT$2),OR(MQ9=$MS$2,MR9=$MT$2)),4,IF(SIGN(MQ9-MR9)=SIGN($MS$2-$MT$2),3,IF(OR(MQ9=$MS$2,MR9=$MT$2),1,0))))) -> 0 | MW9: =IF(AND(MU9="",MV9=""),0,IF(AND(MU9=$MW$2,MV9=$MX$2),5,IF(AND(SIGN(MU9-MV9)=SIGN($MW$2-$MX$2),OR(MU9=$MW$2,MV9=$MX$2)),4,IF(SIGN(MU9-MV9)=SIGN($MW$2-$MX$2),3,IF(OR(MU9=$MW$2,MV9=$MX$2),1,0))))) -> 0 | MY9: =MO9+MS9+MW9 -> 0 | NB9: =IF(AND(MZ9="",NA9=""),0,IF(AND(MZ9=$NB$2,NA9=$NC$2),5,IF(AND(SIGN(MZ9-NA9)=SIGN($NB$2-$NC$2),OR(MZ9=$NB$2,NA9=$NC$2)),4,IF(SIGN(MZ9-NA9)=SIGN($NB$2-$NC$2),3,IF(OR(MZ9=$NB$2,NA9=$NC$2),1,0))))) -> 0 | NF9: =IF(AND(ND9="",NE9=""),0,IF(AND(ND9=$NF$2,NE9=$NG$2),5,IF(AND(SIGN(ND9-NE9)=SIGN($NF$2-$NG$2),OR(ND9=$NF$2,NE9=$NG$2)),4,IF(SIGN(ND9-NE9)=SIGN($NF$2-$NG$2),3,IF(OR(ND9=$NF$2,NE9=$NG$2),1,0))))) -> 0 | NJ9: =IF(AND(NH9="",NI9=""),0,IF(AND(NH9=$NJ$2,NI9=$NK$2),5,IF(AND(SIGN(NH9-NI9)=SIGN($NJ$2-$NK$2),OR(NH9=$NJ$2,NI9=$NK$2)),4,IF(SIGN(NH9-NI9)=SIGN($NJ$2-$NK$2),3,IF(OR(NH9=$NJ$2,NI9=$NK$2),1,0))))) -> 0 | NL9: =NB9+NF9+NJ9 -> 0 | NO9: =IF(AND(NM9="",NN9=""),0,IF(AND(NM9=$NO$2,NN9=$NP$2),5,IF(AND(SIGN(NM9-NN9)=SIGN($NO$2-$NP$2),OR(NM9=$NO$2,NN9=$NP$2)),4,IF(SIGN(NM9-NN9)=SIGN($NO$2-$NP$2),3,IF(OR(NM9=$NO$2,NN9=$NP$2),1,0))))) -> 0 | NS9: =IF(AND(NQ9="",NR9=""),0,IF(AND(NQ9=$NS$2,NR9=$NT$2),5,IF(AND(SIGN(NQ9-NR9)=SIGN($NS$2-$NT$2),OR(NQ9=$NS$2,NR9=$NT$2)),4,IF(SIGN(NQ9-NR9)=SIGN($NS$2-$NT$2),3,IF(OR(NQ9=$NS$2,NR9=$NT$2),1,0))))) -> 0 | NU9: =NO9+NS9 -> 0 | NX9: =IF(AND(NV9="",NW9=""),0,IF(AND(NV9=$NX$2,NW9=$NY$2),5,IF(AND(SIGN(NV9-NW9)=SIGN($NX$2-$NY$2),OR(NV9=$NX$2,NW9=$NY$2)),4,IF(SIGN(NV9-NW9)=SIGN($NX$2-$NY$2),3,IF(OR(NV9=$NX$2,NW9=$NY$2),1,0))))) -> 0 | OB9: =IF(AND(NZ9="",OA9=""),0,IF(AND(NZ9=$OB$2,OA9=$OC$2),5,IF(AND(SIGN(NZ9-OA9)=SIGN($OB$2-$OC$2),OR(NZ9=$OB$2,OA9=$OC$2)),4,IF(SIGN(NZ9-OA9)=SIGN($OB$2-$OC$2),3,IF(OR(NZ9=$OB$2,OA9=$OC$2),1,0))))) -> 0 | OD9: =NX9+OB9 -> 0 | OG9: =IF(AND(OE9="",OF9=""),0,IF(AND(OE9=$OG$2,OF9=$OH$2),5,IF(AND(SIGN(OE9-OF9)=SIGN($OG$2-$OH$2),OR(OE9=$OG$2,OF9=$OH$2)),4,IF(SIGN(OE9-OF9)=SIGN($OG$2-$OH$2),3,IF(OR(OE9=$OG$2,OF9=$OH$2),1,0))))) -> 0 | OK9: =IF(AND(OI9="",OJ9=""),0,IF(AND(OI9=$OK$2,OJ9=$OL$2),5,IF(AND(SIGN(OI9-OJ9)=SIGN($OK$2-$OL$2),OR(OI9=$OK$2,OJ9=$OL$2)),4,IF(SIGN(OI9-OJ9)=SIGN($OK$2-$OL$2),3,IF(OR(OI9=$OK$2,OJ9=$OL$2),1,0))))) -> 0 | OM9: =OG9+OK9 -> 0 | OP9: =IF(AND(ON9="",OO9=""),0,IF(AND(ON9=$OP$2,OO9=$OQ$2),5,IF(AND(SIGN(ON9-OO9)=SIGN($OP$2-$OQ$2),OR(ON9=$OP$2,OO9=$OQ$2)),4,IF(SIGN(ON9-OO9)=SIGN($OP$2-$OQ$2),3,IF(OR(ON9=$OP$2,OO9=$OQ$2),1,0))))) -> 0 | OT9: =IF(AND(OR9="",OS9=""),0,IF(AND(OR9=$OT$2,OS9=$OU$2),5,IF(AND(SIGN(OR9-OS9)=SIGN($OT$2-$OU$2),OR(OR9=$OT$2,OS9=$OU$2)),4,IF(SIGN(OR9-OS9)=SIGN($OT$2-$OU$2),3,IF(OR(OR9=$OT$2,OS9=$OU$2),1,0))))) -> 0 | OV9: =OP9+OT9 -> 0 | OY9: =IF(AND(OW9="",OX9=""),0,IF(AND(OW9=$OY$2,OX9=$OZ$2),5,IF(AND(SIGN(OW9-OX9)=SIGN($OY$2-$OZ$2),OR(OW9=$OY$2,OX9=$OZ$2)),4,IF(SIGN(OW9-OX9)=SIGN($OY$2-$OZ$2),3,IF(OR(OW9=$OY$2,OX9=$OZ$2),1,0))))) -> 0 | PA9: =OY9 -> 0 | PD9: =IF(AND(PB9="",PC9=""),0,IF(AND(PB9=$PD$2,PC9=$PE$2),5,IF(AND(SIGN(PB9-PC9)=SIGN($PD$2-$PE$2),OR(PB9=$PD$2,PC9=$PE$2)),4,IF(SIGN(PB9-PC9)=SIGN($PD$2-$PE$2),3,IF(OR(PB9=$PD$2,PC9=$PE$2),1,0))))) -> 0 | PF9: =PD9 -> 0 | PI9: =IF(AND(PG9="",PH9=""),0,IF(AND(PG9=$PI$2,PH9=$PJ$2),5,IF(AND(SIGN(PG9-PH9)=SIGN($PI$2-$PJ$2),OR(PG9=$PI$2,PH9=$PJ$2)),4,IF(SIGN(PG9-PH9)=SIGN($PI$2-$PJ$2),3,IF(OR(PG9=$PI$2,PH9=$PJ$2),1,0))))) -> 0 | PM9: =IF(AND(PK9="",PL9=""),0,IF(AND(PK9=$PM$2,PL9=$PN$2),5,IF(AND(SIGN(PK9-PL9)=SIGN($PM$2-$PN$2),OR(PK9=$PM$2,PL9=$PN$2)),4,IF(SIGN(PK9-PL9)=SIGN($PM$2-$PN$2),3,IF(OR(PK9=$PM$2,PL9=$PN$2),1,0))))) -> 0 | PO9: =PI9+PM9 -> 0 | PR9: =IF(AND(PP9="",PQ9=""),0,IF(AND(PP9=$PR$2,PQ9=$PS$2),5,IF(AND(SIGN(PP9-PQ9)=SIGN($PR$2-$PS$2),OR(PP9=$PR$2,PQ9=$PS$2)),4,IF(SIGN(PP9-PQ9)=SIGN($PR$2-$PS$2),3,IF(OR(PP9=$PR$2,PQ9=$PS$2),1,0))))) -> 0 | PT9: =PR9 -> 0 | PW9: =IF(AND(PU9="",PV9=""),0,IF(AND(PU9=$PW$2,PV9=$PX$2),5,IF(AND(SIGN(PU9-PV9)=SIGN($PW$2-$PX$2),OR(PU9=$PW$2,PV9=$PX$2)),4,IF(SIGN(PU9-PV9)=SIGN($PW$2-$PX$2),3,IF(OR(PU9=$PW$2,PV9=$PX$2),1,0))))) -> 0 | PY9: =PW9 -> 0 | QB9: =IF(AND(PZ9="",QA9=""),0,IF(AND(PZ9=$QB$2,QA9=$QC$2),5,IF(AND(SIGN(PZ9-QA9)=SIGN($QB$2-$QC$2),OR(PZ9=$QB$2,QA9=$QC$2)),4,IF(SIGN(PZ9-QA9)=SIGN($QB$2-$QC$2),3,IF(OR(PZ9=$QB$2,QA9=$QC$2),1,0))))) -> 0 | QD9: =QB9 -> 0 | QG9: =IF(AND(QE9="",QF9=""),0,IF(AND(QE9=$QG$2,QF9=$QH$2),5,IF(AND(SIGN(QE9-QF9)=SIGN($QG$2-$QH$2),OR(QE9=$QG$2,QF9=$QH$2)),4,IF(SIGN(QE9-QF9)=SIGN($QG$2-$QH$2),3,IF(OR(QE9=$QG$2,QF9=$QH$2),1,0))))) -> 0 | QI9: =QG9 -> 0
A10: Monica Marin | B10: 2 | C10: 1 | D10: =IF( AND(B10=$D$2, C10=$E$2), 5, IF( AND( SIGN(B10-C10)=SIGN($D$2-$E$2), OR(B10=$D$2, C10=$E$2) ), 4, IF( SIGN(B10-C10)=SIGN($D$2-$E$2), 3, IF( OR(B10=$D$2, C10=$E$2), 1, 0 ) ) )) -> 4 | F10: 2 | G10: 1 | H10: =IF( AND(F10=$H$2, G10=$I$2), 5, IF( AND( SIGN(F10-G10)=SIGN($H$2-$I$2), OR(F10=$H$2, G10=$I$2) ), 4, IF( SIGN(F10-G10)=SIGN($H$2-$I$2), 3, IF( OR(F10=$H$2, G10=$I$2), 1, 0 ) ) )) -> 5 | J10: =D10+H10 -> 9 | K10: 1 | L10: 0 | M10: =IF(AND(K10="",L10=""),0,IF(AND(K10=$M$2,L10=$N$2),5,IF(AND(SIGN(K10-L10)=SIGN($M$2-$N$2),OR(K10=$M$2,L10=$N$2)),4,IF(SIGN(K10-L10)=SIGN($M$2-$N$2),3,IF(OR(K10=$M$2,L10=$N$2),1,0))))) -> 1 | O10: 2 | P10: 1 | Q10: =IF(AND(O10="",P10=""),0,IF(AND(O10=$Q$2,P10=$R$2),5,IF(AND(SIGN(O10-P10)=SIGN($Q$2-$R$2),OR(O10=$Q$2,P10=$R$2)),4,IF(SIGN(O10-P10)=SIGN($Q$2-$R$2),3,IF(OR(O10=$Q$2,P10=$R$2),1,0))))) -> 4 | S10: =M10+Q10 -> 5 | T10: 0 | U10: 3 | V10: =IF(AND(T10="",U10=""),0,IF(AND(T10=$V$2,U10=$W$2),5,IF(AND(SIGN(T10-U10)=SIGN($V$2-$W$2),OR(T10=$V$2,U10=$W$2)),4,IF(SIGN(T10-U10)=SIGN($V$2-$W$2),3,IF(OR(T10=$V$2,U10=$W$2),1,0))))) -> 0 | X10: 1 | Y10: 1 | Z10: =IF(AND(X10="",Y10=""),0,IF(AND(X10=$Z$2,Y10=$AA$2),5,IF(AND(SIGN(X10-Y10)=SIGN($Z$2-$AA$2),OR(X10=$Z$2,Y10=$AA$2)),4,IF(SIGN(X10-Y10)=SIGN($Z$2-$AA$2),3,IF(OR(X10=$Z$2,Y10=$AA$2),1,0))))) -> 5 | AB10: 0 | AC10: 2 | AD10: =IF(AND(AB10="",AC10=""),0,IF(AND(AB10=$AD$2,AC10=$AE$2),5,IF(AND(SIGN(AB10-AC10)=SIGN($AD$2-$AE$2),OR(AB10=$AD$2,AC10=$AE$2)),4,IF(SIGN(AB10-AC10)=SIGN($AD$2-$AE$2),3,IF(OR(AB10=$AD$2,AC10=$AE$2),1,0))))) -> 4 | AF10: 1 | AG10: 2 | AH10: =IF(AND(AF10="",AG10=""),0,IF(AND(AF10=$AH$2,AG10=$AI$2),5,IF(AND(SIGN(AF10-AG10)=SIGN($AH$2-$AI$2),OR(AF10=$AH$2,AG10=$AI$2)),4,IF(SIGN(AF10-AG10)=SIGN($AH$2-$AI$2),3,IF(OR(AF10=$AH$2,AG10=$AI$2),1,0))))) -> 0 | AJ10: =V10+Z10+AD10+AH10 -> 9 | AK10: 6 | AL10: 0 | AM10: =IF(AND(AK10="",AL10=""),0,IF(AND(AK10=$AM$2,AL10=$AN$2),5,IF(AND(SIGN(AK10-AL10)=SIGN($AM$2-$AN$2),OR(AK10=$AM$2,AL10=$AN$2)),4,IF(SIGN(AK10-AL10)=SIGN($AM$2-$AN$2),3,IF(OR(AK10=$AM$2,AL10=$AN$2),1,0))))) -> 3 | AO10: 2 | AP10: 1 | AQ10: =IF(AND(AO10="",AP10=""),0,IF(AND(AO10=$AQ$2,AP10=$AR$2),5,IF(AND(SIGN(AO10-AP10)=SIGN($AQ$2-$AR$2),OR(AO10=$AQ$2,AP10=$AR$2)),4,IF(SIGN(AO10-AP10)=SIGN($AQ$2-$AR$2),3,IF(OR(AO10=$AQ$2,AP10=$AR$2),1,0))))) -> 1 | AS10: 1 | AT10: 2 | AU10: =IF(AND(AS10="",AT10=""),0,IF(AND(AS10=$AU$2,AT10=$AV$2),5,IF(AND(SIGN(AS10-AT10)=SIGN($AU$2-$AV$2),OR(AS10=$AU$2,AT10=$AV$2)),4,IF(SIGN(AS10-AT10)=SIGN($AU$2-$AV$2),3,IF(OR(AS10=$AU$2,AT10=$AV$2),1,0))))) -> 1 | AW10: 2 | AX10: 1 | AY10: =IF(AND(AW10="",AX10=""),0,IF(AND(AW10=$AY$2,AX10=$AZ$2),5,IF(AND(SIGN(AW10-AX10)=SIGN($AY$2-$AZ$2),OR(AW10=$AY$2,AX10=$AZ$2)),4,IF(SIGN(AW10-AX10)=SIGN($AY$2-$AZ$2),3,IF(OR(AW10=$AY$2,AX10=$AZ$2),1,0))))) -> 4 | BA10: =AM10+AQ10+AU10+AY10 -> 9 | BB10: 5 | BC10: 0 | BD10: =IF(AND(BB10="",BC10=""),0,IF(AND(BB10=$BD$2,BC10=$BE$2),5,IF(AND(SIGN(BB10-BC10)=SIGN($BD$2-$BE$2),OR(BB10=$BD$2,BC10=$BE$2)),4,IF(SIGN(BB10-BC10)=SIGN($BD$2-$BE$2),3,IF(OR(BB10=$BD$2,BC10=$BE$2),1,0))))) -> 1 | BF10: 2 | BG10: 1 | BH10: =IF(AND(BF10="",BG10=""),0,IF(AND(BF10=$BH$2,BG10=$BI$2),5,IF(AND(SIGN(BF10-BG10)=SIGN($BH$2-$BI$2),OR(BF10=$BH$2,BG10=$BI$2)),4,IF(SIGN(BF10-BG10)=SIGN($BH$2-$BI$2),3,IF(OR(BF10=$BH$2,BG10=$BI$2),1,0))))) -> 1 | BJ10: 1 | BK10: 2 | BL10: =IF(AND(BJ10="",BK10=""),0,IF(AND(BJ10=$BL$2,BK10=$BM$2),5,IF(AND(SIGN(BJ10-BK10)=SIGN($BL$2-$BM$2),OR(BJ10=$BL$2,BK10=$BM$2)),4,IF(SIGN(BJ10-BK10)=SIGN($BL$2-$BM$2),3,IF(OR(BJ10=$BL$2,BK10=$BM$2),1,0))))) -> 1 | BN10: 2 | BO10: 1 | BP10: =IF(AND(BN10="",BO10=""),0,IF(AND(BN10=$BP$2,BO10=$BQ$2),5,IF(AND(SIGN(BN10-BO10)=SIGN($BP$2-$BQ$2),OR(BN10=$BP$2,BO10=$BQ$2)),4,IF(SIGN(BN10-BO10)=SIGN($BP$2-$BQ$2),3,IF(OR(BN10=$BP$2,BO10=$BQ$2),1,0))))) -> 1 | BR10: =BD10+BH10+BL10+BP10 -> 4 | BS10: 3 | BT10: 0 | BU10: =IF(AND(BS10="",BT10=""),0,IF(AND(BS10=$BU$2,BT10=$BV$2),5,IF(AND(SIGN(BS10-BT10)=SIGN($BU$2-$BV$2),OR(BS10=$BU$2,BT10=$BV$2)),4,IF(SIGN(BS10-BT10)=SIGN($BU$2-$BV$2),3,IF(OR(BS10=$BU$2,BT10=$BV$2),1,0))))) -> 4 | BW10: 1 | BX10: 2 | BY10: =IF(AND(BW10="",BX10=""),0,IF(AND(BW10=$BY$2,BX10=$BZ$2),5,IF(AND(SIGN(BW10-BX10)=SIGN($BY$2-$BZ$2),OR(BW10=$BY$2,BX10=$BZ$2)),4,IF(SIGN(BW10-BX10)=SIGN($BY$2-$BZ$2),3,IF(OR(BW10=$BY$2,BX10=$BZ$2),1,0))))) -> 4 | CA10: 4 | CB10: 0 | CC10: =IF(AND(CA10="",CB10=""),0,IF(AND(CA10=$CC$2,CB10=$CD$2),5,IF(AND(SIGN(CA10-CB10)=SIGN($CC$2-$CD$2),OR(CA10=$CC$2,CB10=$CD$2)),4,IF(SIGN(CA10-CB10)=SIGN($CC$2-$CD$2),3,IF(OR(CA10=$CC$2,CB10=$CD$2),1,0))))) -> 4 | CE10: 2 | CF10: 1 | CG10: =IF(AND(CE10="",CF10=""),0,IF(AND(CE10=$CG$2,CF10=$CH$2),5,IF(AND(SIGN(CE10-CF10)=SIGN($CG$2-$CH$2),OR(CE10=$CG$2,CF10=$CH$2)),4,IF(SIGN(CE10-CF10)=SIGN($CG$2-$CH$2),3,IF(OR(CE10=$CG$2,CF10=$CH$2),1,0))))) -> 4 | CI10: =BU10+BY10+CC10+CG10 -> 16 | CJ10: 3 | CK10: 0 | CL10: =IF(AND(CJ10="",CK10=""),0,IF(AND(CJ10=$CL$2,CK10=$CM$2),5,IF(AND(SIGN(CJ10-CK10)=SIGN($CL$2-$CM$2),OR(CJ10=$CL$2,CK10=$CM$2)),4,IF(SIGN(CJ10-CK10)=SIGN($CL$2-$CM$2),3,IF(OR(CJ10=$CL$2,CK10=$CM$2),1,0))))) -> 0 | CN10: 1 | CO10: 1 | CP10: =IF(AND(CN10="",CO10=""),0,IF(AND(CN10=$CP$2,CO10=$CQ$2),5,IF(AND(SIGN(CN10-CO10)=SIGN($CP$2-$CQ$2),OR(CN10=$CP$2,CO10=$CQ$2)),4,IF(SIGN(CN10-CO10)=SIGN($CP$2-$CQ$2),3,IF(OR(CN10=$CP$2,CO10=$CQ$2),1,0))))) -> 0 | CR10: 2 | CS10: 1 | CT10: =IF(AND(CR10="",CS10=""),0,IF(AND(CR10=$CT$2,CS10=$CU$2),5,IF(AND(SIGN(CR10-CS10)=SIGN($CT$2-$CU$2),OR(CR10=$CT$2,CS10=$CU$2)),4,IF(SIGN(CR10-CS10)=SIGN($CT$2-$CU$2),3,IF(OR(CR10=$CT$2,CS10=$CU$2),1,0))))) -> 3 | CV10: 1 | CW10: 2 | CX10: =IF(AND(CV10="",CW10=""),0,IF(AND(CV10=$CX$2,CW10=$CY$2),5,IF(AND(SIGN(CV10-CW10)=SIGN($CX$2-$CY$2),OR(CV10=$CX$2,CW10=$CY$2)),4,IF(SIGN(CV10-CW10)=SIGN($CX$2-$CY$2),3,IF(OR(CV10=$CX$2,CW10=$CY$2),1,0))))) -> 4 | CZ10: =CL10+CP10+CT10+CX10 -> 7 | DA10: 2 | DB10: 1 | DC10: =IF(AND(DA10="",DB10=""),0,IF(AND(DA10=$DC$2,DB10=$DD$2),5,IF(AND(SIGN(DA10-DB10)=SIGN($DC$2-$DD$2),OR(DA10=$DC$2,DB10=$DD$2)),4,IF(SIGN(DA10-DB10)=SIGN($DC$2-$DD$2),3,IF(OR(DA10=$DC$2,DB10=$DD$2),1,0))))) -> 1 | DE10: 2 | DF10: 1 | DG10: =IF(AND(DE10="",DF10=""),0,IF(AND(DE10=$DG$2,DF10=$DH$2),5,IF(AND(SIGN(DE10-DF10)=SIGN($DG$2-$DH$2),OR(DE10=$DG$2,DF10=$DH$2)),4,IF(SIGN(DE10-DF10)=SIGN($DG$2-$DH$2),3,IF(OR(DE10=$DG$2,DF10=$DH$2),1,0))))) -> 4 | DI10: 2 | DJ10: 1 | DK10: =IF(AND(DI10="",DJ10=""),0,IF(AND(DI10=$DK$2,DJ10=$DL$2),5,IF(AND(SIGN(DI10-DJ10)=SIGN($DK$2-$DL$2),OR(DI10=$DK$2,DJ10=$DL$2)),4,IF(SIGN(DI10-DJ10)=SIGN($DK$2-$DL$2),3,IF(OR(DI10=$DK$2,DJ10=$DL$2),1,0))))) -> 3 | DM10: 1 | DN10: 1 | DO10: =IF(AND(DM10="",DN10=""),0,IF(AND(DM10=$DO$2,DN10=$DP$2),5,IF(AND(SIGN(DM10-DN10)=SIGN($DO$2-$DP$2),OR(DM10=$DO$2,DN10=$DP$2)),4,IF(SIGN(DM10-DN10)=SIGN($DO$2-$DP$2),3,IF(OR(DM10=$DO$2,DN10=$DP$2),1,0))))) -> 1 | DQ10: =DC10+DG10+DK10+DO10 -> 9 | DR10: 2 | DS10: 0 | DT10: =IF(AND(DR10="",DS10=""),0,IF(AND(DR10=$DT$2,DS10=$DU$2),5,IF(AND(SIGN(DR10-DS10)=SIGN($DT$2-$DU$2),OR(DR10=$DT$2,DS10=$DU$2)),4,IF(SIGN(DR10-DS10)=SIGN($DT$2-$DU$2),3,IF(OR(DR10=$DT$2,DS10=$DU$2),1,0))))) -> 5 | DV10: 1 | DW10: 2 | DX10: =IF(AND(DV10="",DW10=""),0,IF(AND(DV10=$DX$2,DW10=$DY$2),5,IF(AND(SIGN(DV10-DW10)=SIGN($DX$2-$DY$2),OR(DV10=$DX$2,DW10=$DY$2)),4,IF(SIGN(DV10-DW10)=SIGN($DX$2-$DY$2),3,IF(OR(DV10=$DX$2,DW10=$DY$2),1,0))))) -> 3 | DZ10: 4 | EA10: 0 | EB10: =IF(AND(DZ10="",EA10=""),0,IF(AND(DZ10=$EB$2,EA10=$EC$2),5,IF(AND(SIGN(DZ10-EA10)=SIGN($EB$2-$EC$2),OR(DZ10=$EB$2,EA10=$EC$2)),4,IF(SIGN(DZ10-EA10)=SIGN($EB$2-$EC$2),3,IF(OR(DZ10=$EB$2,EA10=$EC$2),1,0))))) -> 4 | ED10: 2 | EE10: 0 | EF10: =IF(AND(ED10="",EE10=""),0,IF(AND(ED10=$EF$2,EE10=$EG$2),5,IF(AND(SIGN(ED10-EE10)=SIGN($EF$2-$EG$2),OR(ED10=$EF$2,EE10=$EG$2)),4,IF(SIGN(ED10-EE10)=SIGN($EF$2-$EG$2),3,IF(OR(ED10=$EF$2,EE10=$EG$2),1,0))))) -> 0 | EH10: =DT10+DX10+EB10+EF10 -> 12 | EI10: 2 | EJ10: 1 | EK10: =IF(AND(EI10="",EJ10=""),0,IF(AND(EI10=$EK$2,EJ10=$EL$2),5,IF(AND(SIGN(EI10-EJ10)=SIGN($EK$2-$EL$2),OR(EI10=$EK$2,EJ10=$EL$2)),4,IF(SIGN(EI10-EJ10)=SIGN($EK$2-$EL$2),3,IF(OR(EI10=$EK$2,EJ10=$EL$2),1,0))))) -> 4 | EM10: 4 | EN10: 1 | EO10: =IF(AND(EM10="",EN10=""),0,IF(AND(EM10=$EO$2,EN10=$EP$2),5,IF(AND(SIGN(EM10-EN10)=SIGN($EO$2-$EP$2),OR(EM10=$EO$2,EN10=$EP$2)),4,IF(SIGN(EM10-EN10)=SIGN($EO$2-$EP$2),3,IF(OR(EM10=$EO$2,EN10=$EP$2),1,0))))) -> 4 | EQ10: 4 | ER10: 0 | ES10: =IF(AND(EQ10="",ER10=""),0,IF(AND(EQ10=$ES$2,ER10=$ET$2),5,IF(AND(SIGN(EQ10-ER10)=SIGN($ES$2-$ET$2),OR(EQ10=$ES$2,ER10=$ET$2)),4,IF(SIGN(EQ10-ER10)=SIGN($ES$2-$ET$2),3,IF(OR(EQ10=$ES$2,ER10=$ET$2),1,0))))) -> 1 | EU10: 1 | EV10: 2 | EW10: =IF(AND(EU10="",EV10=""),0,IF(AND(EU10=$EW$2,EV10=$EX$2),5,IF(AND(SIGN(EU10-EV10)=SIGN($EW$2-$EX$2),OR(EU10=$EW$2,EV10=$EX$2)),4,IF(SIGN(EU10-EV10)=SIGN($EW$2-$EX$2),3,IF(OR(EU10=$EW$2,EV10=$EX$2),1,0))))) -> 3 | EY10: =EK10+EO10+ES10+EW10 -> 12 | EZ10: 4 | FA10: 0 | FD10: 3 | FE10: 1 | FH10: 2 | FI10: 0 | FL10: 2 | FM10: 1 | FP10: =FB10+FF10+FJ10+FN10 -> 0 | FS10: =IF(AND(FQ10="",FR10=""),0,IF(AND(FQ10=$FS$2,FR10=$FT$2),5,IF(AND(SIGN(FQ10-FR10)=SIGN($FS$2-$FT$2),OR(FQ10=$FS$2,FR10=$FT$2)),4,IF(SIGN(FQ10-FR10)=SIGN($FS$2-$FT$2),3,IF(OR(FQ10=$FS$2,FR10=$FT$2),1,0))))) -> 0 | FW10: =IF(AND(FU10="",FV10=""),0,IF(AND(FU10=$FW$2,FV10=$FX$2),5,IF(AND(SIGN(FU10-FV10)=SIGN($FW$2-$FX$2),OR(FU10=$FW$2,FV10=$FX$2)),4,IF(SIGN(FU10-FV10)=SIGN($FW$2-$FX$2),3,IF(OR(FU10=$FW$2,FV10=$FX$2),1,0))))) -> 0 | GA10: =IF(AND(FY10="",FZ10=""),0,IF(AND(FY10=$GA$2,FZ10=$GB$2),5,IF(AND(SIGN(FY10-FZ10)=SIGN($GA$2-$GB$2),OR(FY10=$GA$2,FZ10=$GB$2)),4,IF(SIGN(FY10-FZ10)=SIGN($GA$2-$GB$2),3,IF(OR(FY10=$GA$2,FZ10=$GB$2),1,0))))) -> 0 | GE10: =IF(AND(GC10="",GD10=""),0,IF(AND(GC10=$GE$2,GD10=$GF$2),5,IF(AND(SIGN(GC10-GD10)=SIGN($GE$2-$GF$2),OR(GC10=$GE$2,GD10=$GF$2)),4,IF(SIGN(GC10-GD10)=SIGN($GE$2-$GF$2),3,IF(OR(GC10=$GE$2,GD10=$GF$2),1,0))))) -> 0 | GG10: =FS10+FW10+GA10+GE10 -> 0 | GJ10: =IF(AND(GH10="",GI10=""),0,IF(AND(GH10=$GJ$2,GI10=$GK$2),5,IF(AND(SIGN(GH10-GI10)=SIGN($GJ$2-$GK$2),OR(GH10=$GJ$2,GI10=$GK$2)),4,IF(SIGN(GH10-GI10)=SIGN($GJ$2-$GK$2),3,IF(OR(GH10=$GJ$2,GI10=$GK$2),1,0))))) -> 0 | GN10: =IF(AND(GL10="",GM10=""),0,IF(AND(GL10=$GN$2,GM10=$GO$2),5,IF(AND(SIGN(GL10-GM10)=SIGN($GN$2-$GO$2),OR(GL10=$GN$2,GM10=$GO$2)),4,IF(SIGN(GL10-GM10)=SIGN($GN$2-$GO$2),3,IF(OR(GL10=$GN$2,GM10=$GO$2),1,0))))) -> 0 | GR10: =IF(AND(GP10="",GQ10=""),0,IF(AND(GP10=$GR$2,GQ10=$GS$2),5,IF(AND(SIGN(GP10-GQ10)=SIGN($GR$2-$GS$2),OR(GP10=$GR$2,GQ10=$GS$2)),4,IF(SIGN(GP10-GQ10)=SIGN($GR$2-$GS$2),3,IF(OR(GP10=$GR$2,GQ10=$GS$2),1,0))))) -> 0 | GV10: =IF(AND(GT10="",GU10=""),0,IF(AND(GT10=$GV$2,GU10=$GW$2),5,IF(AND(SIGN(GT10-GU10)=SIGN($GV$2-$GW$2),OR(GT10=$GV$2,GU10=$GW$2)),4,IF(SIGN(GT10-GU10)=SIGN($GV$2-$GW$2),3,IF(OR(GT10=$GV$2,GU10=$GW$2),1,0))))) -> 0 | GX10: =GJ10+GN10+GR10+GV10 -> 0 | HA10: =IF(AND(GY10="",GZ10=""),0,IF(AND(GY10=$HA$2,GZ10=$HB$2),5,IF(AND(SIGN(GY10-GZ10)=SIGN($HA$2-$HB$2),OR(GY10=$HA$2,GZ10=$HB$2)),4,IF(SIGN(GY10-GZ10)=SIGN($HA$2-$HB$2),3,IF(OR(GY10=$HA$2,GZ10=$HB$2),1,0))))) -> 0 | HE10: =IF(AND(HC10="",HD10=""),0,IF(AND(HC10=$HE$2,HD10=$HF$2),5,IF(AND(SIGN(HC10-HD10)=SIGN($HE$2-$HF$2),OR(HC10=$HE$2,HD10=$HF$2)),4,IF(SIGN(HC10-HD10)=SIGN($HE$2-$HF$2),3,IF(OR(HC10=$HE$2,HD10=$HF$2),1,0))))) -> 0 | HI10: =IF(AND(HG10="",HH10=""),0,IF(AND(HG10=$HI$2,HH10=$HJ$2),5,IF(AND(SIGN(HG10-HH10)=SIGN($HI$2-$HJ$2),OR(HG10=$HI$2,HH10=$HJ$2)),4,IF(SIGN(HG10-HH10)=SIGN($HI$2-$HJ$2),3,IF(OR(HG10=$HI$2,HH10=$HJ$2),1,0))))) -> 0 | HM10: =IF(AND(HK10="",HL10=""),0,IF(AND(HK10=$HM$2,HL10=$HN$2),5,IF(AND(SIGN(HK10-HL10)=SIGN($HM$2-$HN$2),OR(HK10=$HM$2,HL10=$HN$2)),4,IF(SIGN(HK10-HL10)=SIGN($HM$2-$HN$2),3,IF(OR(HK10=$HM$2,HL10=$HN$2),1,0))))) -> 0 | HQ10: =IF(AND(HO10="",HP10=""),0,IF(AND(HO10=$HQ$2,HP10=$HR$2),5,IF(AND(SIGN(HO10-HP10)=SIGN($HQ$2-$HR$2),OR(HO10=$HQ$2,HP10=$HR$2)),4,IF(SIGN(HO10-HP10)=SIGN($HQ$2-$HR$2),3,IF(OR(HO10=$HQ$2,HP10=$HR$2),1,0))))) -> 0 | HU10: =IF(AND(HS10="",HT10=""),0,IF(AND(HS10=$HU$2,HT10=$HV$2),5,IF(AND(SIGN(HS10-HT10)=SIGN($HU$2-$HV$2),OR(HS10=$HU$2,HT10=$HV$2)),4,IF(SIGN(HS10-HT10)=SIGN($HU$2-$HV$2),3,IF(OR(HS10=$HU$2,HT10=$HV$2),1,0))))) -> 0 | HW10: =HI10+HM10+HQ10+HU10+HE10+HA10 -> 0 | HZ10: =IF(AND(HX10="",HY10=""),0,IF(AND(HX10=$HZ$2,HY10=$IA$2),5,IF(AND(SIGN(HX10-HY10)=SIGN($HZ$2-$IA$2),OR(HX10=$HZ$2,HY10=$IA$2)),4,IF(SIGN(HX10-HY10)=SIGN($HZ$2-$IA$2),3,IF(OR(HX10=$HZ$2,HY10=$IA$2),1,0))))) -> 0 | ID10: =IF(AND(IB10="",IC10=""),0,IF(AND(IB10=$ID$2,IC10=$IE$2),5,IF(AND(SIGN(IB10-IC10)=SIGN($ID$2-$IE$2),OR(IB10=$ID$2,IC10=$IE$2)),4,IF(SIGN(IB10-IC10)=SIGN($ID$2-$IE$2),3,IF(OR(IB10=$ID$2,IC10=$IE$2),1,0))))) -> 0 | IH10: =IF(AND(IF10="",IG10=""),0,IF(AND(IF10=$IH$2,IG10=$II$2),5,IF(AND(SIGN(IF10-IG10)=SIGN($IH$2-$II$2),OR(IF10=$IH$2,IG10=$II$2)),4,IF(SIGN(IF10-IG10)=SIGN($IH$2-$II$2),3,IF(OR(IF10=$IH$2,IG10=$II$2),1,0))))) -> 0 | IL10: =IF(AND(IJ10="",IK10=""),0,IF(AND(IJ10=$IL$2,IK10=$IM$2),5,IF(AND(SIGN(IJ10-IK10)=SIGN($IL$2-$IM$2),OR(IJ10=$IL$2,IK10=$IM$2)),4,IF(SIGN(IJ10-IK10)=SIGN($IL$2-$IM$2),3,IF(OR(IJ10=$IL$2,IK10=$IM$2),1,0))))) -> 0 | IP10: =IF(AND(IN10="",IO10=""),0,IF(AND(IN10=$IP$2,IO10=$IQ$2),5,IF(AND(SIGN(IN10-IO10)=SIGN($IP$2-$IQ$2),OR(IN10=$IP$2,IO10=$IQ$2)),4,IF(SIGN(IN10-IO10)=SIGN($IP$2-$IQ$2),3,IF(OR(IN10=$IP$2,IO10=$IQ$2),1,0))))) -> 0 | IT10: =IF(AND(IR10="",IS10=""),0,IF(AND(IR10=$IT$2,IS10=$IU$2),5,IF(AND(SIGN(IR10-IS10)=SIGN($IT$2-$IU$2),OR(IR10=$IT$2,IS10=$IU$2)),4,IF(SIGN(IR10-IS10)=SIGN($IT$2-$IU$2),3,IF(OR(IR10=$IT$2,IS10=$IU$2),1,0))))) -> 0 | IV10: =IH10+IL10+IP10+IT10+ID10+HZ10 -> 0 | IY10: =IF(AND(IW10="",IX10=""),0,IF(AND(IW10=$IY$2,IX10=$IZ$2),5,IF(AND(SIGN(IW10-IX10)=SIGN($IY$2-$IZ$2),OR(IW10=$IY$2,IX10=$IZ$2)),4,IF(SIGN(IW10-IX10)=SIGN($IY$2-$IZ$2),3,IF(OR(IW10=$IY$2,IX10=$IZ$2),1,0))))) -> 0 | JC10: =IF(AND(JA10="",JB10=""),0,IF(AND(JA10=$JC$2,JB10=$JD$2),5,IF(AND(SIGN(JA10-JB10)=SIGN($JC$2-$JD$2),OR(JA10=$JC$2,JB10=$JD$2)),4,IF(SIGN(JA10-JB10)=SIGN($JC$2-$JD$2),3,IF(OR(JA10=$JC$2,JB10=$JD$2),1,0))))) -> 0 | JG10: =IF(AND(JE10="",JF10=""),0,IF(AND(JE10=$JG$2,JF10=$JH$2),5,IF(AND(SIGN(JE10-JF10)=SIGN($JG$2-$JH$2),OR(JE10=$JG$2,JF10=$JH$2)),4,IF(SIGN(JE10-JF10)=SIGN($JG$2-$JH$2),3,IF(OR(JE10=$JG$2,JF10=$JH$2),1,0))))) -> 0 | JK10: =IF(AND(JI10="",JJ10=""),0,IF(AND(JI10=$JK$2,JJ10=$JL$2),5,IF(AND(SIGN(JI10-JJ10)=SIGN($JK$2-$JL$2),OR(JI10=$JK$2,JJ10=$JL$2)),4,IF(SIGN(JI10-JJ10)=SIGN($JK$2-$JL$2),3,IF(OR(JI10=$JK$2,JJ10=$JL$2),1,0))))) -> 0 | JO10: =IF(AND(JM10="",JN10=""),0,IF(AND(JM10=$JO$2,JN10=$JP$2),5,IF(AND(SIGN(JM10-JN10)=SIGN($JO$2-$JP$2),OR(JM10=$JO$2,JN10=$JP$2)),4,IF(SIGN(JM10-JN10)=SIGN($JO$2-$JP$2),3,IF(OR(JM10=$JO$2,JN10=$JP$2),1,0))))) -> 0 | JS10: =IF(AND(JQ10="",JR10=""),0,IF(AND(JQ10=$JS$2,JR10=$JT$2),5,IF(AND(SIGN(JQ10-JR10)=SIGN($JS$2-$JT$2),OR(JQ10=$JS$2,JR10=$JT$2)),4,IF(SIGN(JQ10-JR10)=SIGN($JS$2-$JT$2),3,IF(OR(JQ10=$JS$2,JR10=$JT$2),1,0))))) -> 0 | JU10: =JG10+JK10+JO10+JS10+JC10+IY10 -> 0 | JX10: =IF(AND(JV10="",JW10=""),0,IF(AND(JV10=$JX$2,JW10=$JY$2),5,IF(AND(SIGN(JV10-JW10)=SIGN($JX$2-$JY$2),OR(JV10=$JX$2,JW10=$JY$2)),4,IF(SIGN(JV10-JW10)=SIGN($JX$2-$JY$2),3,IF(OR(JV10=$JX$2,JW10=$JY$2),1,0))))) -> 0 | KB10: =IF(AND(JZ10="",KA10=""),0,IF(AND(JZ10=$KB$2,KA10=$KC$2),5,IF(AND(SIGN(JZ10-KA10)=SIGN($KB$2-$KC$2),OR(JZ10=$KB$2,KA10=$KC$2)),4,IF(SIGN(JZ10-KA10)=SIGN($KB$2-$KC$2),3,IF(OR(JZ10=$KB$2,KA10=$KC$2),1,0))))) -> 0 | KF10: =IF(AND(KD10="",KE10=""),0,IF(AND(KD10=$KF$2,KE10=$KG$2),5,IF(AND(SIGN(KD10-KE10)=SIGN($KF$2-$KG$2),OR(KD10=$KF$2,KE10=$KG$2)),4,IF(SIGN(KD10-KE10)=SIGN($KF$2-$KG$2),3,IF(OR(KD10=$KF$2,KE10=$KG$2),1,0))))) -> 0 | KJ10: =IF(AND(KH10="",KI10=""),0,IF(AND(KH10=$KJ$2,KI10=$KK$2),5,IF(AND(SIGN(KH10-KI10)=SIGN($KJ$2-$KK$2),OR(KH10=$KJ$2,KI10=$KK$2)),4,IF(SIGN(KH10-KI10)=SIGN($KJ$2-$KK$2),3,IF(OR(KH10=$KJ$2,KI10=$KK$2),1,0))))) -> 0 | KN10: =IF(AND(KL10="",KM10=""),0,IF(AND(KL10=$KN$2,KM10=$KO$2),5,IF(AND(SIGN(KL10-KM10)=SIGN($KN$2-$KO$2),OR(KL10=$KN$2,KM10=$KO$2)),4,IF(SIGN(KL10-KM10)=SIGN($KN$2-$KO$2),3,IF(OR(KL10=$KN$2,KM10=$KO$2),1,0))))) -> 0 | KR10: =IF(AND(KP10="",KQ10=""),0,IF(AND(KP10=$KR$2,KQ10=$KS$2),5,IF(AND(SIGN(KP10-KQ10)=SIGN($KR$2-$KS$2),OR(KP10=$KR$2,KQ10=$KS$2)),4,IF(SIGN(KP10-KQ10)=SIGN($KR$2-$KS$2),3,IF(OR(KP10=$KR$2,KQ10=$KS$2),1,0))))) -> 0 | KT10: =KF10+KJ10+KN10+KR10+KB10+JX10 -> 0 | KW10: =IF(AND(KU10="",KV10=""),0,IF(AND(KU10=$KW$2,KV10=$KX$2),5,IF(AND(SIGN(KU10-KV10)=SIGN($KW$2-$KX$2),OR(KU10=$KW$2,KV10=$KX$2)),4,IF(SIGN(KU10-KV10)=SIGN($KW$2-$KX$2),3,IF(OR(KU10=$KW$2,KV10=$KX$2),1,0))))) -> 0 | KY10: =KW10 -> 0 | LB10: =IF(AND(KZ10="",LA10=""),0,IF(AND(KZ10=$LB$2,LA10=$LC$2),5,IF(AND(SIGN(KZ10-LA10)=SIGN($LB$2-$LC$2),OR(KZ10=$LB$2,LA10=$LC$2)),4,IF(SIGN(KZ10-LA10)=SIGN($LB$2-$LC$2),3,IF(OR(KZ10=$LB$2,LA10=$LC$2),1,0))))) -> 0 | LF10: =IF(AND(LD10="",LE10=""),0,IF(AND(LD10=$LF$2,LE10=$LG$2),5,IF(AND(SIGN(LD10-LE10)=SIGN($LF$2-$LG$2),OR(LD10=$LF$2,LE10=$LG$2)),4,IF(SIGN(LD10-LE10)=SIGN($LF$2-$LG$2),3,IF(OR(LD10=$LF$2,LE10=$LG$2),1,0))))) -> 0 | LJ10: =IF(AND(LH10="",LI10=""),0,IF(AND(LH10=$LJ$2,LI10=$LK$2),5,IF(AND(SIGN(LH10-LI10)=SIGN($LJ$2-$LK$2),OR(LH10=$LJ$2,LI10=$LK$2)),4,IF(SIGN(LH10-LI10)=SIGN($LJ$2-$LK$2),3,IF(OR(LH10=$LJ$2,LI10=$LK$2),1,0))))) -> 0 | LL10: =LB10+LF10+LJ10 -> 0 | LO10: =IF(AND(LM10="",LN10=""),0,IF(AND(LM10=$LO$2,LN10=$LP$2),5,IF(AND(SIGN(LM10-LN10)=SIGN($LO$2-$LP$2),OR(LM10=$LO$2,LN10=$LP$2)),4,IF(SIGN(LM10-LN10)=SIGN($LO$2-$LP$2),3,IF(OR(LM10=$LO$2,LN10=$LP$2),1,0))))) -> 0 | LS10: =IF(AND(LQ10="",LR10=""),0,IF(AND(LQ10=$LS$2,LR10=$LT$2),5,IF(AND(SIGN(LQ10-LR10)=SIGN($LS$2-$LT$2),OR(LQ10=$LS$2,LR10=$LT$2)),4,IF(SIGN(LQ10-LR10)=SIGN($LS$2-$LT$2),3,IF(OR(LQ10=$LS$2,LR10=$LT$2),1,0))))) -> 0 | LW10: =IF(AND(LU10="",LV10=""),0,IF(AND(LU10=$LW$2,LV10=$LX$2),5,IF(AND(SIGN(LU10-LV10)=SIGN($LW$2-$LX$2),OR(LU10=$LW$2,LV10=$LX$2)),4,IF(SIGN(LU10-LV10)=SIGN($LW$2-$LX$2),3,IF(OR(LU10=$LW$2,LV10=$LX$2),1,0))))) -> 0 | LY10: =LO10+LS10+LW10 -> 0 | MB10: =IF(AND(LZ10="",MA10=""),0,IF(AND(LZ10=$MB$2,MA10=$MC$2),5,IF(AND(SIGN(LZ10-MA10)=SIGN($MB$2-$MC$2),OR(LZ10=$MB$2,MA10=$MC$2)),4,IF(SIGN(LZ10-MA10)=SIGN($MB$2-$MC$2),3,IF(OR(LZ10=$MB$2,MA10=$MC$2),1,0))))) -> 0 | MF10: =IF(AND(MD10="",ME10=""),0,IF(AND(MD10=$MF$2,ME10=$MG$2),5,IF(AND(SIGN(MD10-ME10)=SIGN($MF$2-$MG$2),OR(MD10=$MF$2,ME10=$MG$2)),4,IF(SIGN(MD10-ME10)=SIGN($MF$2-$MG$2),3,IF(OR(MD10=$MF$2,ME10=$MG$2),1,0))))) -> 0 | MJ10: =IF(AND(MH10="",MI10=""),0,IF(AND(MH10=$MJ$2,MI10=$MK$2),5,IF(AND(SIGN(MH10-MI10)=SIGN($MJ$2-$MK$2),OR(MH10=$MJ$2,MI10=$MK$2)),4,IF(SIGN(MH10-MI10)=SIGN($MJ$2-$MK$2),3,IF(OR(MH10=$MJ$2,MI10=$MK$2),1,0))))) -> 0 | ML10: =MB10+MF10+MJ10 -> 0 | MO10: =IF(AND(MM10="",MN10=""),0,IF(AND(MM10=$MO$2,MN10=$MP$2),5,IF(AND(SIGN(MM10-MN10)=SIGN($MO$2-$MP$2),OR(MM10=$MO$2,MN10=$MP$2)),4,IF(SIGN(MM10-MN10)=SIGN($MO$2-$MP$2),3,IF(OR(MM10=$MO$2,MN10=$MP$2),1,0))))) -> 0 | MS10: =IF(AND(MQ10="",MR10=""),0,IF(AND(MQ10=$MS$2,MR10=$MT$2),5,IF(AND(SIGN(MQ10-MR10)=SIGN($MS$2-$MT$2),OR(MQ10=$MS$2,MR10=$MT$2)),4,IF(SIGN(MQ10-MR10)=SIGN($MS$2-$MT$2),3,IF(OR(MQ10=$MS$2,MR10=$MT$2),1,0))))) -> 0 | MW10: =IF(AND(MU10="",MV10=""),0,IF(AND(MU10=$MW$2,MV10=$MX$2),5,IF(AND(SIGN(MU10-MV10)=SIGN($MW$2-$MX$2),OR(MU10=$MW$2,MV10=$MX$2)),4,IF(SIGN(MU10-MV10)=SIGN($MW$2-$MX$2),3,IF(OR(MU10=$MW$2,MV10=$MX$2),1,0))))) -> 0 | MY10: =MO10+MS10+MW10 -> 0 | NB10: =IF(AND(MZ10="",NA10=""),0,IF(AND(MZ10=$NB$2,NA10=$NC$2),5,IF(AND(SIGN(MZ10-NA10)=SIGN($NB$2-$NC$2),OR(MZ10=$NB$2,NA10=$NC$2)),4,IF(SIGN(MZ10-NA10)=SIGN($NB$2-$NC$2),3,IF(OR(MZ10=$NB$2,NA10=$NC$2),1,0))))) -> 0 | NF10: =IF(AND(ND10="",NE10=""),0,IF(AND(ND10=$NF$2,NE10=$NG$2),5,IF(AND(SIGN(ND10-NE10)=SIGN($NF$2-$NG$2),OR(ND10=$NF$2,NE10=$NG$2)),4,IF(SIGN(ND10-NE10)=SIGN($NF$2-$NG$2),3,IF(OR(ND10=$NF$2,NE10=$NG$2),1,0))))) -> 0 | NJ10: =IF(AND(NH10="",NI10=""),0,IF(AND(NH10=$NJ$2,NI10=$NK$2),5,IF(AND(SIGN(NH10-NI10)=SIGN($NJ$2-$NK$2),OR(NH10=$NJ$2,NI10=$NK$2)),4,IF(SIGN(NH10-NI10)=SIGN($NJ$2-$NK$2),3,IF(OR(NH10=$NJ$2,NI10=$NK$2),1,0))))) -> 0 | NL10: =NB10+NF10+NJ10 -> 0 | NO10: =IF(AND(NM10="",NN10=""),0,IF(AND(NM10=$NO$2,NN10=$NP$2),5,IF(AND(SIGN(NM10-NN10)=SIGN($NO$2-$NP$2),OR(NM10=$NO$2,NN10=$NP$2)),4,IF(SIGN(NM10-NN10)=SIGN($NO$2-$NP$2),3,IF(OR(NM10=$NO$2,NN10=$NP$2),1,0))))) -> 0 | NS10: =IF(AND(NQ10="",NR10=""),0,IF(AND(NQ10=$NS$2,NR10=$NT$2),5,IF(AND(SIGN(NQ10-NR10)=SIGN($NS$2-$NT$2),OR(NQ10=$NS$2,NR10=$NT$2)),4,IF(SIGN(NQ10-NR10)=SIGN($NS$2-$NT$2),3,IF(OR(NQ10=$NS$2,NR10=$NT$2),1,0))))) -> 0 | NU10: =NO10+NS10 -> 0 | NX10: =IF(AND(NV10="",NW10=""),0,IF(AND(NV10=$NX$2,NW10=$NY$2),5,IF(AND(SIGN(NV10-NW10)=SIGN($NX$2-$NY$2),OR(NV10=$NX$2,NW10=$NY$2)),4,IF(SIGN(NV10-NW10)=SIGN($NX$2-$NY$2),3,IF(OR(NV10=$NX$2,NW10=$NY$2),1,0))))) -> 0 | OB10: =IF(AND(NZ10="",OA10=""),0,IF(AND(NZ10=$OB$2,OA10=$OC$2),5,IF(AND(SIGN(NZ10-OA10)=SIGN($OB$2-$OC$2),OR(NZ10=$OB$2,OA10=$OC$2)),4,IF(SIGN(NZ10-OA10)=SIGN($OB$2-$OC$2),3,IF(OR(NZ10=$OB$2,OA10=$OC$2),1,0))))) -> 0 | OD10: =NX10+OB10 -> 0 | OG10: =IF(AND(OE10="",OF10=""),0,IF(AND(OE10=$OG$2,OF10=$OH$2),5,IF(AND(SIGN(OE10-OF10)=SIGN($OG$2-$OH$2),OR(OE10=$OG$2,OF10=$OH$2)),4,IF(SIGN(OE10-OF10)=SIGN($OG$2-$OH$2),3,IF(OR(OE10=$OG$2,OF10=$OH$2),1,0))))) -> 0 | OK10: =IF(AND(OI10="",OJ10=""),0,IF(AND(OI10=$OK$2,OJ10=$OL$2),5,IF(AND(SIGN(OI10-OJ10)=SIGN($OK$2-$OL$2),OR(OI10=$OK$2,OJ10=$OL$2)),4,IF(SIGN(OI10-OJ10)=SIGN($OK$2-$OL$2),3,IF(OR(OI10=$OK$2,OJ10=$OL$2),1,0))))) -> 0 | OM10: =OG10+OK10 -> 0 | OP10: =IF(AND(ON10="",OO10=""),0,IF(AND(ON10=$OP$2,OO10=$OQ$2),5,IF(AND(SIGN(ON10-OO10)=SIGN($OP$2-$OQ$2),OR(ON10=$OP$2,OO10=$OQ$2)),4,IF(SIGN(ON10-OO10)=SIGN($OP$2-$OQ$2),3,IF(OR(ON10=$OP$2,OO10=$OQ$2),1,0))))) -> 0 | OT10: =IF(AND(OR10="",OS10=""),0,IF(AND(OR10=$OT$2,OS10=$OU$2),5,IF(AND(SIGN(OR10-OS10)=SIGN($OT$2-$OU$2),OR(OR10=$OT$2,OS10=$OU$2)),4,IF(SIGN(OR10-OS10)=SIGN($OT$2-$OU$2),3,IF(OR(OR10=$OT$2,OS10=$OU$2),1,0))))) -> 0 | OV10: =OP10+OT10 -> 0 | OY10: =IF(AND(OW10="",OX10=""),0,IF(AND(OW10=$OY$2,OX10=$OZ$2),5,IF(AND(SIGN(OW10-OX10)=SIGN($OY$2-$OZ$2),OR(OW10=$OY$2,OX10=$OZ$2)),4,IF(SIGN(OW10-OX10)=SIGN($OY$2-$OZ$2),3,IF(OR(OW10=$OY$2,OX10=$OZ$2),1,0))))) -> 0 | PA10: =OY10 -> 0 | PD10: =IF(AND(PB10="",PC10=""),0,IF(AND(PB10=$PD$2,PC10=$PE$2),5,IF(AND(SIGN(PB10-PC10)=SIGN($PD$2-$PE$2),OR(PB10=$PD$2,PC10=$PE$2)),4,IF(SIGN(PB10-PC10)=SIGN($PD$2-$PE$2),3,IF(OR(PB10=$PD$2,PC10=$PE$2),1,0))))) -> 0 | PF10: =PD10 -> 0 | PI10: =IF(AND(PG10="",PH10=""),0,IF(AND(PG10=$PI$2,PH10=$PJ$2),5,IF(AND(SIGN(PG10-PH10)=SIGN($PI$2-$PJ$2),OR(PG10=$PI$2,PH10=$PJ$2)),4,IF(SIGN(PG10-PH10)=SIGN($PI$2-$PJ$2),3,IF(OR(PG10=$PI$2,PH10=$PJ$2),1,0))))) -> 0 | PM10: =IF(AND(PK10="",PL10=""),0,IF(AND(PK10=$PM$2,PL10=$PN$2),5,IF(AND(SIGN(PK10-PL10)=SIGN($PM$2-$PN$2),OR(PK10=$PM$2,PL10=$PN$2)),4,IF(SIGN(PK10-PL10)=SIGN($PM$2-$PN$2),3,IF(OR(PK10=$PM$2,PL10=$PN$2),1,0))))) -> 0 | PO10: =PI10+PM10 -> 0 | PR10: =IF(AND(PP10="",PQ10=""),0,IF(AND(PP10=$PR$2,PQ10=$PS$2),5,IF(AND(SIGN(PP10-PQ10)=SIGN($PR$2-$PS$2),OR(PP10=$PR$2,PQ10=$PS$2)),4,IF(SIGN(PP10-PQ10)=SIGN($PR$2-$PS$2),3,IF(OR(PP10=$PR$2,PQ10=$PS$2),1,0))))) -> 0 | PT10: =PR10 -> 0 | PW10: =IF(AND(PU10="",PV10=""),0,IF(AND(PU10=$PW$2,PV10=$PX$2),5,IF(AND(SIGN(PU10-PV10)=SIGN($PW$2-$PX$2),OR(PU10=$PW$2,PV10=$PX$2)),4,IF(SIGN(PU10-PV10)=SIGN($PW$2-$PX$2),3,IF(OR(PU10=$PW$2,PV10=$PX$2),1,0))))) -> 0 | PY10: =PW10 -> 0 | QB10: =IF(AND(PZ10="",QA10=""),0,IF(AND(PZ10=$QB$2,QA10=$QC$2),5,IF(AND(SIGN(PZ10-QA10)=SIGN($QB$2-$QC$2),OR(PZ10=$QB$2,QA10=$QC$2)),4,IF(SIGN(PZ10-QA10)=SIGN($QB$2-$QC$2),3,IF(OR(PZ10=$QB$2,QA10=$QC$2),1,0))))) -> 0 | QD10: =QB10 -> 0 | QG10: =IF(AND(QE10="",QF10=""),0,IF(AND(QE10=$QG$2,QF10=$QH$2),5,IF(AND(SIGN(QE10-QF10)=SIGN($QG$2-$QH$2),OR(QE10=$QG$2,QF10=$QH$2)),4,IF(SIGN(QE10-QF10)=SIGN($QG$2-$QH$2),3,IF(OR(QE10=$QG$2,QF10=$QH$2),1,0))))) -> 0 | QI10: =QG10 -> 0
A11: Cesar Letrado | B11: 1 | C11: 0 | D11: =IF( AND(B11=$D$2, C11=$E$2), 5, IF( AND( SIGN(B11-C11)=SIGN($D$2-$E$2), OR(B11=$D$2, C11=$E$2) ), 4, IF( SIGN(B11-C11)=SIGN($D$2-$E$2), 3, IF( OR(B11=$D$2, C11=$E$2), 1, 0 ) ) )) -> 4 | F11: 2 | G11: 0 | H11: =IF( AND(F11=$H$2, G11=$I$2), 5, IF( AND( SIGN(F11-G11)=SIGN($H$2-$I$2), OR(F11=$H$2, G11=$I$2) ), 4, IF( SIGN(F11-G11)=SIGN($H$2-$I$2), 3, IF( OR(F11=$H$2, G11=$I$2), 1, 0 ) ) )) -> 4 | J11: =D11+H11 -> 8 | K11: 2 | L11: 1 | M11: =IF(AND(K11="",L11=""),0,IF(AND(K11=$M$2,L11=$N$2),5,IF(AND(SIGN(K11-L11)=SIGN($M$2-$N$2),OR(K11=$M$2,L11=$N$2)),4,IF(SIGN(K11-L11)=SIGN($M$2-$N$2),3,IF(OR(K11=$M$2,L11=$N$2),1,0))))) -> 1 | O11: 0 | P11: 1 | Q11: =IF(AND(O11="",P11=""),0,IF(AND(O11=$Q$2,P11=$R$2),5,IF(AND(SIGN(O11-P11)=SIGN($Q$2-$R$2),OR(O11=$Q$2,P11=$R$2)),4,IF(SIGN(O11-P11)=SIGN($Q$2-$R$2),3,IF(OR(O11=$Q$2,P11=$R$2),1,0))))) -> 1 | S11: =M11+Q11 -> 2 | T11: 1 | U11: 2 | V11: =IF(AND(T11="",U11=""),0,IF(AND(T11=$V$2,U11=$W$2),5,IF(AND(SIGN(T11-U11)=SIGN($V$2-$W$2),OR(T11=$V$2,U11=$W$2)),4,IF(SIGN(T11-U11)=SIGN($V$2-$W$2),3,IF(OR(T11=$V$2,U11=$W$2),1,0))))) -> 1 | X11: 2 | Y11: 0 | Z11: =IF(AND(X11="",Y11=""),0,IF(AND(X11=$Z$2,Y11=$AA$2),5,IF(AND(SIGN(X11-Y11)=SIGN($Z$2-$AA$2),OR(X11=$Z$2,Y11=$AA$2)),4,IF(SIGN(X11-Y11)=SIGN($Z$2-$AA$2),3,IF(OR(X11=$Z$2,Y11=$AA$2),1,0))))) -> 0 | AB11: 0 | AC11: 0 | AD11: =IF(AND(AB11="",AC11=""),0,IF(AND(AB11=$AD$2,AC11=$AE$2),5,IF(AND(SIGN(AB11-AC11)=SIGN($AD$2-$AE$2),OR(AB11=$AD$2,AC11=$AE$2)),4,IF(SIGN(AB11-AC11)=SIGN($AD$2-$AE$2),3,IF(OR(AB11=$AD$2,AC11=$AE$2),1,0))))) -> 1 | AF11: 0 | AG11: 1 | AH11: =IF(AND(AF11="",AG11=""),0,IF(AND(AF11=$AH$2,AG11=$AI$2),5,IF(AND(SIGN(AF11-AG11)=SIGN($AH$2-$AI$2),OR(AF11=$AH$2,AG11=$AI$2)),4,IF(SIGN(AF11-AG11)=SIGN($AH$2-$AI$2),3,IF(OR(AF11=$AH$2,AG11=$AI$2),1,0))))) -> 0 | AJ11: =V11+Z11+AD11+AH11 -> 2 | AK11: 2 | AL11: 0 | AM11: =IF(AND(AK11="",AL11=""),0,IF(AND(AK11=$AM$2,AL11=$AN$2),5,IF(AND(SIGN(AK11-AL11)=SIGN($AM$2-$AN$2),OR(AK11=$AM$2,AL11=$AN$2)),4,IF(SIGN(AK11-AL11)=SIGN($AM$2-$AN$2),3,IF(OR(AK11=$AM$2,AL11=$AN$2),1,0))))) -> 3 | AO11: 1 | AP11: 1 | AQ11: =IF(AND(AO11="",AP11=""),0,IF(AND(AO11=$AQ$2,AP11=$AR$2),5,IF(AND(SIGN(AO11-AP11)=SIGN($AQ$2-$AR$2),OR(AO11=$AQ$2,AP11=$AR$2)),4,IF(SIGN(AO11-AP11)=SIGN($AQ$2-$AR$2),3,IF(OR(AO11=$AQ$2,AP11=$AR$2),1,0))))) -> 3 | AS11: 2 | AT11: 0 | AU11: =IF(AND(AS11="",AT11=""),0,IF(AND(AS11=$AU$2,AT11=$AV$2),5,IF(AND(SIGN(AS11-AT11)=SIGN($AU$2-$AV$2),OR(AS11=$AU$2,AT11=$AV$2)),4,IF(SIGN(AS11-AT11)=SIGN($AU$2-$AV$2),3,IF(OR(AS11=$AU$2,AT11=$AV$2),1,0))))) -> 4 | AW11: 2 | AX11: 1 | AY11: =IF(AND(AW11="",AX11=""),0,IF(AND(AW11=$AY$2,AX11=$AZ$2),5,IF(AND(SIGN(AW11-AX11)=SIGN($AY$2-$AZ$2),OR(AW11=$AY$2,AX11=$AZ$2)),4,IF(SIGN(AW11-AX11)=SIGN($AY$2-$AZ$2),3,IF(OR(AW11=$AY$2,AX11=$AZ$2),1,0))))) -> 4 | BA11: =AM11+AQ11+AU11+AY11 -> 14 | BB11: 2 | BC11: 0 | BD11: =IF(AND(BB11="",BC11=""),0,IF(AND(BB11=$BD$2,BC11=$BE$2),5,IF(AND(SIGN(BB11-BC11)=SIGN($BD$2-$BE$2),OR(BB11=$BD$2,BC11=$BE$2)),4,IF(SIGN(BB11-BC11)=SIGN($BD$2-$BE$2),3,IF(OR(BB11=$BD$2,BC11=$BE$2),1,0))))) -> 1 | BF11: 3 | BG11: 1 | BH11: =IF(AND(BF11="",BG11=""),0,IF(AND(BF11=$BH$2,BG11=$BI$2),5,IF(AND(SIGN(BF11-BG11)=SIGN($BH$2-$BI$2),OR(BF11=$BH$2,BG11=$BI$2)),4,IF(SIGN(BF11-BG11)=SIGN($BH$2-$BI$2),3,IF(OR(BF11=$BH$2,BG11=$BI$2),1,0))))) -> 1 | BJ11: 1 | BK11: 2 | BL11: =IF(AND(BJ11="",BK11=""),0,IF(AND(BJ11=$BL$2,BK11=$BM$2),5,IF(AND(SIGN(BJ11-BK11)=SIGN($BL$2-$BM$2),OR(BJ11=$BL$2,BK11=$BM$2)),4,IF(SIGN(BJ11-BK11)=SIGN($BL$2-$BM$2),3,IF(OR(BJ11=$BL$2,BK11=$BM$2),1,0))))) -> 1 | BN11: 1 | BO11: 0 | BP11: =IF(AND(BN11="",BO11=""),0,IF(AND(BN11=$BP$2,BO11=$BQ$2),5,IF(AND(SIGN(BN11-BO11)=SIGN($BP$2-$BQ$2),OR(BN11=$BP$2,BO11=$BQ$2)),4,IF(SIGN(BN11-BO11)=SIGN($BP$2-$BQ$2),3,IF(OR(BN11=$BP$2,BO11=$BQ$2),1,0))))) -> 0 | BR11: =BD11+BH11+BL11+BP11 -> 3 | BS11: 2 | BT11: 0 | BU11: =IF(AND(BS11="",BT11=""),0,IF(AND(BS11=$BU$2,BT11=$BV$2),5,IF(AND(SIGN(BS11-BT11)=SIGN($BU$2-$BV$2),OR(BS11=$BU$2,BT11=$BV$2)),4,IF(SIGN(BS11-BT11)=SIGN($BU$2-$BV$2),3,IF(OR(BS11=$BU$2,BT11=$BV$2),1,0))))) -> 3 | BW11: 1 | BX11: 1 | BY11: =IF(AND(BW11="",BX11=""),0,IF(AND(BW11=$BY$2,BX11=$BZ$2),5,IF(AND(SIGN(BW11-BX11)=SIGN($BY$2-$BZ$2),OR(BW11=$BY$2,BX11=$BZ$2)),4,IF(SIGN(BW11-BX11)=SIGN($BY$2-$BZ$2),3,IF(OR(BW11=$BY$2,BX11=$BZ$2),1,0))))) -> 1 | CA11: 1 | CB11: 0 | CC11: =IF(AND(CA11="",CB11=""),0,IF(AND(CA11=$CC$2,CB11=$CD$2),5,IF(AND(SIGN(CA11-CB11)=SIGN($CC$2-$CD$2),OR(CA11=$CC$2,CB11=$CD$2)),4,IF(SIGN(CA11-CB11)=SIGN($CC$2-$CD$2),3,IF(OR(CA11=$CC$2,CB11=$CD$2),1,0))))) -> 4 | CE11: 0 | CF11: 0 | CG11: =IF(AND(CE11="",CF11=""),0,IF(AND(CE11=$CG$2,CF11=$CH$2),5,IF(AND(SIGN(CE11-CF11)=SIGN($CG$2-$CH$2),OR(CE11=$CG$2,CF11=$CH$2)),4,IF(SIGN(CE11-CF11)=SIGN($CG$2-$CH$2),3,IF(OR(CE11=$CG$2,CF11=$CH$2),1,0))))) -> 0 | CI11: =BU11+BY11+CC11+CG11 -> 8 | CJ11: 2 | CK11: 0 | CL11: =IF(AND(CJ11="",CK11=""),0,IF(AND(CJ11=$CL$2,CK11=$CM$2),5,IF(AND(SIGN(CJ11-CK11)=SIGN($CL$2-$CM$2),OR(CJ11=$CL$2,CK11=$CM$2)),4,IF(SIGN(CJ11-CK11)=SIGN($CL$2-$CM$2),3,IF(OR(CJ11=$CL$2,CK11=$CM$2),1,0))))) -> 0 | CN11: 0 | CO11: 0 | CP11: =IF(AND(CN11="",CO11=""),0,IF(AND(CN11=$CP$2,CO11=$CQ$2),5,IF(AND(SIGN(CN11-CO11)=SIGN($CP$2-$CQ$2),OR(CN11=$CP$2,CO11=$CQ$2)),4,IF(SIGN(CN11-CO11)=SIGN($CP$2-$CQ$2),3,IF(OR(CN11=$CP$2,CO11=$CQ$2),1,0))))) -> 0 | CR11: 2 | CS11: 0 | CT11: =IF(AND(CR11="",CS11=""),0,IF(AND(CR11=$CT$2,CS11=$CU$2),5,IF(AND(SIGN(CR11-CS11)=SIGN($CT$2-$CU$2),OR(CR11=$CT$2,CS11=$CU$2)),4,IF(SIGN(CR11-CS11)=SIGN($CT$2-$CU$2),3,IF(OR(CR11=$CT$2,CS11=$CU$2),1,0))))) -> 4 | CV11: 0 | CW11: 2 | CX11: =IF(AND(CV11="",CW11=""),0,IF(AND(CV11=$CX$2,CW11=$CY$2),5,IF(AND(SIGN(CV11-CW11)=SIGN($CX$2-$CY$2),OR(CV11=$CX$2,CW11=$CY$2)),4,IF(SIGN(CV11-CW11)=SIGN($CX$2-$CY$2),3,IF(OR(CV11=$CX$2,CW11=$CY$2),1,0))))) -> 3 | CZ11: =CL11+CP11+CT11+CX11 -> 7 | DA11: 3 | DB11: 1 | DC11: =IF(AND(DA11="",DB11=""),0,IF(AND(DA11=$DC$2,DB11=$DD$2),5,IF(AND(SIGN(DA11-DB11)=SIGN($DC$2-$DD$2),OR(DA11=$DC$2,DB11=$DD$2)),4,IF(SIGN(DA11-DB11)=SIGN($DC$2-$DD$2),3,IF(OR(DA11=$DC$2,DB11=$DD$2),1,0))))) -> 1 | DE11: 1 | DF11: 1 | DG11: =IF(AND(DE11="",DF11=""),0,IF(AND(DE11=$DG$2,DF11=$DH$2),5,IF(AND(SIGN(DE11-DF11)=SIGN($DG$2-$DH$2),OR(DE11=$DG$2,DF11=$DH$2)),4,IF(SIGN(DE11-DF11)=SIGN($DG$2-$DH$2),3,IF(OR(DE11=$DG$2,DF11=$DH$2),1,0))))) -> 1 | DI11: 1 | DJ11: 2 | DK11: =IF(AND(DI11="",DJ11=""),0,IF(AND(DI11=$DK$2,DJ11=$DL$2),5,IF(AND(SIGN(DI11-DJ11)=SIGN($DK$2-$DL$2),OR(DI11=$DK$2,DJ11=$DL$2)),4,IF(SIGN(DI11-DJ11)=SIGN($DK$2-$DL$2),3,IF(OR(DI11=$DK$2,DJ11=$DL$2),1,0))))) -> 0 | DM11: 1 | DN11: 0 | DO11: =IF(AND(DM11="",DN11=""),0,IF(AND(DM11=$DO$2,DN11=$DP$2),5,IF(AND(SIGN(DM11-DN11)=SIGN($DO$2-$DP$2),OR(DM11=$DO$2,DN11=$DP$2)),4,IF(SIGN(DM11-DN11)=SIGN($DO$2-$DP$2),3,IF(OR(DM11=$DO$2,DN11=$DP$2),1,0))))) -> 5 | DQ11: =DC11+DG11+DK11+DO11 -> 7 | DR11: 3 | DS11: 1 | DT11: =IF(AND(DR11="",DS11=""),0,IF(AND(DR11=$DT$2,DS11=$DU$2),5,IF(AND(SIGN(DR11-DS11)=SIGN($DT$2-$DU$2),OR(DR11=$DT$2,DS11=$DU$2)),4,IF(SIGN(DR11-DS11)=SIGN($DT$2-$DU$2),3,IF(OR(DR11=$DT$2,DS11=$DU$2),1,0))))) -> 3 | DV11: 1 | DW11: 1 | DX11: =IF(AND(DV11="",DW11=""),0,IF(AND(DV11=$DX$2,DW11=$DY$2),5,IF(AND(SIGN(DV11-DW11)=SIGN($DX$2-$DY$2),OR(DV11=$DX$2,DW11=$DY$2)),4,IF(SIGN(DV11-DW11)=SIGN($DX$2-$DY$2),3,IF(OR(DV11=$DX$2,DW11=$DY$2),1,0))))) -> 1 | DZ11: 2 | EA11: 0 | EB11: =IF(AND(DZ11="",EA11=""),0,IF(AND(DZ11=$EB$2,EA11=$EC$2),5,IF(AND(SIGN(DZ11-EA11)=SIGN($EB$2-$EC$2),OR(DZ11=$EB$2,EA11=$EC$2)),4,IF(SIGN(DZ11-EA11)=SIGN($EB$2-$EC$2),3,IF(OR(DZ11=$EB$2,EA11=$EC$2),1,0))))) -> 4 | ED11: 2 | EE11: 1 | EF11: =IF(AND(ED11="",EE11=""),0,IF(AND(ED11=$EF$2,EE11=$EG$2),5,IF(AND(SIGN(ED11-EE11)=SIGN($EF$2-$EG$2),OR(ED11=$EF$2,EE11=$EG$2)),4,IF(SIGN(ED11-EE11)=SIGN($EF$2-$EG$2),3,IF(OR(ED11=$EF$2,EE11=$EG$2),1,0))))) -> 1 | EH11: =DT11+DX11+EB11+EF11 -> 9 | EI11: 2 | EJ11: 1 | EK11: =IF(AND(EI11="",EJ11=""),0,IF(AND(EI11=$EK$2,EJ11=$EL$2),5,IF(AND(SIGN(EI11-EJ11)=SIGN($EK$2-$EL$2),OR(EI11=$EK$2,EJ11=$EL$2)),4,IF(SIGN(EI11-EJ11)=SIGN($EK$2-$EL$2),3,IF(OR(EI11=$EK$2,EJ11=$EL$2),1,0))))) -> 4 | EM11: 2 | EN11: 0 | EO11: =IF(AND(EM11="",EN11=""),0,IF(AND(EM11=$EO$2,EN11=$EP$2),5,IF(AND(SIGN(EM11-EN11)=SIGN($EO$2-$EP$2),OR(EM11=$EO$2,EN11=$EP$2)),4,IF(SIGN(EM11-EN11)=SIGN($EO$2-$EP$2),3,IF(OR(EM11=$EO$2,EN11=$EP$2),1,0))))) -> 4 | EQ11: 1 | ER11: 0 | ES11: =IF(AND(EQ11="",ER11=""),0,IF(AND(EQ11=$ES$2,ER11=$ET$2),5,IF(AND(SIGN(EQ11-ER11)=SIGN($ES$2-$ET$2),OR(EQ11=$ES$2,ER11=$ET$2)),4,IF(SIGN(EQ11-ER11)=SIGN($ES$2-$ET$2),3,IF(OR(EQ11=$ES$2,ER11=$ET$2),1,0))))) -> 1 | EU11: 1 | EV11: 2 | EW11: =IF(AND(EU11="",EV11=""),0,IF(AND(EU11=$EW$2,EV11=$EX$2),5,IF(AND(SIGN(EU11-EV11)=SIGN($EW$2-$EX$2),OR(EU11=$EW$2,EV11=$EX$2)),4,IF(SIGN(EU11-EV11)=SIGN($EW$2-$EX$2),3,IF(OR(EU11=$EW$2,EV11=$EX$2),1,0))))) -> 3 | EY11: =EK11+EO11+ES11+EW11 -> 12 | EZ11: 1 | FA11: 0 | FD11: 2 | FE11: 1 | FH11: 2 | FI11: 0 | FL11: 1 | FM11: 1 | FP11: =FB11+FF11+FJ11+FN11 -> 0 | FS11: =IF(AND(FQ11="",FR11=""),0,IF(AND(FQ11=$FS$2,FR11=$FT$2),5,IF(AND(SIGN(FQ11-FR11)=SIGN($FS$2-$FT$2),OR(FQ11=$FS$2,FR11=$FT$2)),4,IF(SIGN(FQ11-FR11)=SIGN($FS$2-$FT$2),3,IF(OR(FQ11=$FS$2,FR11=$FT$2),1,0))))) -> 0 | FW11: =IF(AND(FU11="",FV11=""),0,IF(AND(FU11=$FW$2,FV11=$FX$2),5,IF(AND(SIGN(FU11-FV11)=SIGN($FW$2-$FX$2),OR(FU11=$FW$2,FV11=$FX$2)),4,IF(SIGN(FU11-FV11)=SIGN($FW$2-$FX$2),3,IF(OR(FU11=$FW$2,FV11=$FX$2),1,0))))) -> 0 | GA11: =IF(AND(FY11="",FZ11=""),0,IF(AND(FY11=$GA$2,FZ11=$GB$2),5,IF(AND(SIGN(FY11-FZ11)=SIGN($GA$2-$GB$2),OR(FY11=$GA$2,FZ11=$GB$2)),4,IF(SIGN(FY11-FZ11)=SIGN($GA$2-$GB$2),3,IF(OR(FY11=$GA$2,FZ11=$GB$2),1,0))))) -> 0 | GE11: =IF(AND(GC11="",GD11=""),0,IF(AND(GC11=$GE$2,GD11=$GF$2),5,IF(AND(SIGN(GC11-GD11)=SIGN($GE$2-$GF$2),OR(GC11=$GE$2,GD11=$GF$2)),4,IF(SIGN(GC11-GD11)=SIGN($GE$2-$GF$2),3,IF(OR(GC11=$GE$2,GD11=$GF$2),1,0))))) -> 0 | GG11: =FS11+FW11+GA11+GE11 -> 0 | GJ11: =IF(AND(GH11="",GI11=""),0,IF(AND(GH11=$GJ$2,GI11=$GK$2),5,IF(AND(SIGN(GH11-GI11)=SIGN($GJ$2-$GK$2),OR(GH11=$GJ$2,GI11=$GK$2)),4,IF(SIGN(GH11-GI11)=SIGN($GJ$2-$GK$2),3,IF(OR(GH11=$GJ$2,GI11=$GK$2),1,0))))) -> 0 | GN11: =IF(AND(GL11="",GM11=""),0,IF(AND(GL11=$GN$2,GM11=$GO$2),5,IF(AND(SIGN(GL11-GM11)=SIGN($GN$2-$GO$2),OR(GL11=$GN$2,GM11=$GO$2)),4,IF(SIGN(GL11-GM11)=SIGN($GN$2-$GO$2),3,IF(OR(GL11=$GN$2,GM11=$GO$2),1,0))))) -> 0 | GR11: =IF(AND(GP11="",GQ11=""),0,IF(AND(GP11=$GR$2,GQ11=$GS$2),5,IF(AND(SIGN(GP11-GQ11)=SIGN($GR$2-$GS$2),OR(GP11=$GR$2,GQ11=$GS$2)),4,IF(SIGN(GP11-GQ11)=SIGN($GR$2-$GS$2),3,IF(OR(GP11=$GR$2,GQ11=$GS$2),1,0))))) -> 0 | GV11: =IF(AND(GT11="",GU11=""),0,IF(AND(GT11=$GV$2,GU11=$GW$2),5,IF(AND(SIGN(GT11-GU11)=SIGN($GV$2-$GW$2),OR(GT11=$GV$2,GU11=$GW$2)),4,IF(SIGN(GT11-GU11)=SIGN($GV$2-$GW$2),3,IF(OR(GT11=$GV$2,GU11=$GW$2),1,0))))) -> 0 | GX11: =GJ11+GN11+GR11+GV11 -> 0 | HA11: =IF(AND(GY11="",GZ11=""),0,IF(AND(GY11=$HA$2,GZ11=$HB$2),5,IF(AND(SIGN(GY11-GZ11)=SIGN($HA$2-$HB$2),OR(GY11=$HA$2,GZ11=$HB$2)),4,IF(SIGN(GY11-GZ11)=SIGN($HA$2-$HB$2),3,IF(OR(GY11=$HA$2,GZ11=$HB$2),1,0))))) -> 0 | HE11: =IF(AND(HC11="",HD11=""),0,IF(AND(HC11=$HE$2,HD11=$HF$2),5,IF(AND(SIGN(HC11-HD11)=SIGN($HE$2-$HF$2),OR(HC11=$HE$2,HD11=$HF$2)),4,IF(SIGN(HC11-HD11)=SIGN($HE$2-$HF$2),3,IF(OR(HC11=$HE$2,HD11=$HF$2),1,0))))) -> 0 | HI11: =IF(AND(HG11="",HH11=""),0,IF(AND(HG11=$HI$2,HH11=$HJ$2),5,IF(AND(SIGN(HG11-HH11)=SIGN($HI$2-$HJ$2),OR(HG11=$HI$2,HH11=$HJ$2)),4,IF(SIGN(HG11-HH11)=SIGN($HI$2-$HJ$2),3,IF(OR(HG11=$HI$2,HH11=$HJ$2),1,0))))) -> 0 | HM11: =IF(AND(HK11="",HL11=""),0,IF(AND(HK11=$HM$2,HL11=$HN$2),5,IF(AND(SIGN(HK11-HL11)=SIGN($HM$2-$HN$2),OR(HK11=$HM$2,HL11=$HN$2)),4,IF(SIGN(HK11-HL11)=SIGN($HM$2-$HN$2),3,IF(OR(HK11=$HM$2,HL11=$HN$2),1,0))))) -> 0 | HQ11: =IF(AND(HO11="",HP11=""),0,IF(AND(HO11=$HQ$2,HP11=$HR$2),5,IF(AND(SIGN(HO11-HP11)=SIGN($HQ$2-$HR$2),OR(HO11=$HQ$2,HP11=$HR$2)),4,IF(SIGN(HO11-HP11)=SIGN($HQ$2-$HR$2),3,IF(OR(HO11=$HQ$2,HP11=$HR$2),1,0))))) -> 0 | HU11: =IF(AND(HS11="",HT11=""),0,IF(AND(HS11=$HU$2,HT11=$HV$2),5,IF(AND(SIGN(HS11-HT11)=SIGN($HU$2-$HV$2),OR(HS11=$HU$2,HT11=$HV$2)),4,IF(SIGN(HS11-HT11)=SIGN($HU$2-$HV$2),3,IF(OR(HS11=$HU$2,HT11=$HV$2),1,0))))) -> 0 | HW11: =HI11+HM11+HQ11+HU11+HE11+HA11 -> 0 | HZ11: =IF(AND(HX11="",HY11=""),0,IF(AND(HX11=$HZ$2,HY11=$IA$2),5,IF(AND(SIGN(HX11-HY11)=SIGN($HZ$2-$IA$2),OR(HX11=$HZ$2,HY11=$IA$2)),4,IF(SIGN(HX11-HY11)=SIGN($HZ$2-$IA$2),3,IF(OR(HX11=$HZ$2,HY11=$IA$2),1,0))))) -> 0 | ID11: =IF(AND(IB11="",IC11=""),0,IF(AND(IB11=$ID$2,IC11=$IE$2),5,IF(AND(SIGN(IB11-IC11)=SIGN($ID$2-$IE$2),OR(IB11=$ID$2,IC11=$IE$2)),4,IF(SIGN(IB11-IC11)=SIGN($ID$2-$IE$2),3,IF(OR(IB11=$ID$2,IC11=$IE$2),1,0))))) -> 0 | IH11: =IF(AND(IF11="",IG11=""),0,IF(AND(IF11=$IH$2,IG11=$II$2),5,IF(AND(SIGN(IF11-IG11)=SIGN($IH$2-$II$2),OR(IF11=$IH$2,IG11=$II$2)),4,IF(SIGN(IF11-IG11)=SIGN($IH$2-$II$2),3,IF(OR(IF11=$IH$2,IG11=$II$2),1,0))))) -> 0 | IL11: =IF(AND(IJ11="",IK11=""),0,IF(AND(IJ11=$IL$2,IK11=$IM$2),5,IF(AND(SIGN(IJ11-IK11)=SIGN($IL$2-$IM$2),OR(IJ11=$IL$2,IK11=$IM$2)),4,IF(SIGN(IJ11-IK11)=SIGN($IL$2-$IM$2),3,IF(OR(IJ11=$IL$2,IK11=$IM$2),1,0))))) -> 0 | IP11: =IF(AND(IN11="",IO11=""),0,IF(AND(IN11=$IP$2,IO11=$IQ$2),5,IF(AND(SIGN(IN11-IO11)=SIGN($IP$2-$IQ$2),OR(IN11=$IP$2,IO11=$IQ$2)),4,IF(SIGN(IN11-IO11)=SIGN($IP$2-$IQ$2),3,IF(OR(IN11=$IP$2,IO11=$IQ$2),1,0))))) -> 0 | IT11: =IF(AND(IR11="",IS11=""),0,IF(AND(IR11=$IT$2,IS11=$IU$2),5,IF(AND(SIGN(IR11-IS11)=SIGN($IT$2-$IU$2),OR(IR11=$IT$2,IS11=$IU$2)),4,IF(SIGN(IR11-IS11)=SIGN($IT$2-$IU$2),3,IF(OR(IR11=$IT$2,IS11=$IU$2),1,0))))) -> 0 | IV11: =IH11+IL11+IP11+IT11+ID11+HZ11 -> 0 | IY11: =IF(AND(IW11="",IX11=""),0,IF(AND(IW11=$IY$2,IX11=$IZ$2),5,IF(AND(SIGN(IW11-IX11)=SIGN($IY$2-$IZ$2),OR(IW11=$IY$2,IX11=$IZ$2)),4,IF(SIGN(IW11-IX11)=SIGN($IY$2-$IZ$2),3,IF(OR(IW11=$IY$2,IX11=$IZ$2),1,0))))) -> 0 | JC11: =IF(AND(JA11="",JB11=""),0,IF(AND(JA11=$JC$2,JB11=$JD$2),5,IF(AND(SIGN(JA11-JB11)=SIGN($JC$2-$JD$2),OR(JA11=$JC$2,JB11=$JD$2)),4,IF(SIGN(JA11-JB11)=SIGN($JC$2-$JD$2),3,IF(OR(JA11=$JC$2,JB11=$JD$2),1,0))))) -> 0 | JG11: =IF(AND(JE11="",JF11=""),0,IF(AND(JE11=$JG$2,JF11=$JH$2),5,IF(AND(SIGN(JE11-JF11)=SIGN($JG$2-$JH$2),OR(JE11=$JG$2,JF11=$JH$2)),4,IF(SIGN(JE11-JF11)=SIGN($JG$2-$JH$2),3,IF(OR(JE11=$JG$2,JF11=$JH$2),1,0))))) -> 0 | JK11: =IF(AND(JI11="",JJ11=""),0,IF(AND(JI11=$JK$2,JJ11=$JL$2),5,IF(AND(SIGN(JI11-JJ11)=SIGN($JK$2-$JL$2),OR(JI11=$JK$2,JJ11=$JL$2)),4,IF(SIGN(JI11-JJ11)=SIGN($JK$2-$JL$2),3,IF(OR(JI11=$JK$2,JJ11=$JL$2),1,0))))) -> 0 | JO11: =IF(AND(JM11="",JN11=""),0,IF(AND(JM11=$JO$2,JN11=$JP$2),5,IF(AND(SIGN(JM11-JN11)=SIGN($JO$2-$JP$2),OR(JM11=$JO$2,JN11=$JP$2)),4,IF(SIGN(JM11-JN11)=SIGN($JO$2-$JP$2),3,IF(OR(JM11=$JO$2,JN11=$JP$2),1,0))))) -> 0 | JS11: =IF(AND(JQ11="",JR11=""),0,IF(AND(JQ11=$JS$2,JR11=$JT$2),5,IF(AND(SIGN(JQ11-JR11)=SIGN($JS$2-$JT$2),OR(JQ11=$JS$2,JR11=$JT$2)),4,IF(SIGN(JQ11-JR11)=SIGN($JS$2-$JT$2),3,IF(OR(JQ11=$JS$2,JR11=$JT$2),1,0))))) -> 0 | JU11: =JG11+JK11+JO11+JS11+JC11+IY11 -> 0 | JX11: =IF(AND(JV11="",JW11=""),0,IF(AND(JV11=$JX$2,JW11=$JY$2),5,IF(AND(SIGN(JV11-JW11)=SIGN($JX$2-$JY$2),OR(JV11=$JX$2,JW11=$JY$2)),4,IF(SIGN(JV11-JW11)=SIGN($JX$2-$JY$2),3,IF(OR(JV11=$JX$2,JW11=$JY$2),1,0))))) -> 0 | KB11: =IF(AND(JZ11="",KA11=""),0,IF(AND(JZ11=$KB$2,KA11=$KC$2),5,IF(AND(SIGN(JZ11-KA11)=SIGN($KB$2-$KC$2),OR(JZ11=$KB$2,KA11=$KC$2)),4,IF(SIGN(JZ11-KA11)=SIGN($KB$2-$KC$2),3,IF(OR(JZ11=$KB$2,KA11=$KC$2),1,0))))) -> 0 | KF11: =IF(AND(KD11="",KE11=""),0,IF(AND(KD11=$KF$2,KE11=$KG$2),5,IF(AND(SIGN(KD11-KE11)=SIGN($KF$2-$KG$2),OR(KD11=$KF$2,KE11=$KG$2)),4,IF(SIGN(KD11-KE11)=SIGN($KF$2-$KG$2),3,IF(OR(KD11=$KF$2,KE11=$KG$2),1,0))))) -> 0 | KJ11: =IF(AND(KH11="",KI11=""),0,IF(AND(KH11=$KJ$2,KI11=$KK$2),5,IF(AND(SIGN(KH11-KI11)=SIGN($KJ$2-$KK$2),OR(KH11=$KJ$2,KI11=$KK$2)),4,IF(SIGN(KH11-KI11)=SIGN($KJ$2-$KK$2),3,IF(OR(KH11=$KJ$2,KI11=$KK$2),1,0))))) -> 0 | KN11: =IF(AND(KL11="",KM11=""),0,IF(AND(KL11=$KN$2,KM11=$KO$2),5,IF(AND(SIGN(KL11-KM11)=SIGN($KN$2-$KO$2),OR(KL11=$KN$2,KM11=$KO$2)),4,IF(SIGN(KL11-KM11)=SIGN($KN$2-$KO$2),3,IF(OR(KL11=$KN$2,KM11=$KO$2),1,0))))) -> 0 | KR11: =IF(AND(KP11="",KQ11=""),0,IF(AND(KP11=$KR$2,KQ11=$KS$2),5,IF(AND(SIGN(KP11-KQ11)=SIGN($KR$2-$KS$2),OR(KP11=$KR$2,KQ11=$KS$2)),4,IF(SIGN(KP11-KQ11)=SIGN($KR$2-$KS$2),3,IF(OR(KP11=$KR$2,KQ11=$KS$2),1,0))))) -> 0 | KT11: =KF11+KJ11+KN11+KR11+KB11+JX11 -> 0 | KW11: =IF(AND(KU11="",KV11=""),0,IF(AND(KU11=$KW$2,KV11=$KX$2),5,IF(AND(SIGN(KU11-KV11)=SIGN($KW$2-$KX$2),OR(KU11=$KW$2,KV11=$KX$2)),4,IF(SIGN(KU11-KV11)=SIGN($KW$2-$KX$2),3,IF(OR(KU11=$KW$2,KV11=$KX$2),1,0))))) -> 0 | KY11: =KW11 -> 0 | LB11: =IF(AND(KZ11="",LA11=""),0,IF(AND(KZ11=$LB$2,LA11=$LC$2),5,IF(AND(SIGN(KZ11-LA11)=SIGN($LB$2-$LC$2),OR(KZ11=$LB$2,LA11=$LC$2)),4,IF(SIGN(KZ11-LA11)=SIGN($LB$2-$LC$2),3,IF(OR(KZ11=$LB$2,LA11=$LC$2),1,0))))) -> 0 | LF11: =IF(AND(LD11="",LE11=""),0,IF(AND(LD11=$LF$2,LE11=$LG$2),5,IF(AND(SIGN(LD11-LE11)=SIGN($LF$2-$LG$2),OR(LD11=$LF$2,LE11=$LG$2)),4,IF(SIGN(LD11-LE11)=SIGN($LF$2-$LG$2),3,IF(OR(LD11=$LF$2,LE11=$LG$2),1,0))))) -> 0 | LJ11: =IF(AND(LH11="",LI11=""),0,IF(AND(LH11=$LJ$2,LI11=$LK$2),5,IF(AND(SIGN(LH11-LI11)=SIGN($LJ$2-$LK$2),OR(LH11=$LJ$2,LI11=$LK$2)),4,IF(SIGN(LH11-LI11)=SIGN($LJ$2-$LK$2),3,IF(OR(LH11=$LJ$2,LI11=$LK$2),1,0))))) -> 0 | LL11: =LB11+LF11+LJ11 -> 0 | LO11: =IF(AND(LM11="",LN11=""),0,IF(AND(LM11=$LO$2,LN11=$LP$2),5,IF(AND(SIGN(LM11-LN11)=SIGN($LO$2-$LP$2),OR(LM11=$LO$2,LN11=$LP$2)),4,IF(SIGN(LM11-LN11)=SIGN($LO$2-$LP$2),3,IF(OR(LM11=$LO$2,LN11=$LP$2),1,0))))) -> 0 | LS11: =IF(AND(LQ11="",LR11=""),0,IF(AND(LQ11=$LS$2,LR11=$LT$2),5,IF(AND(SIGN(LQ11-LR11)=SIGN($LS$2-$LT$2),OR(LQ11=$LS$2,LR11=$LT$2)),4,IF(SIGN(LQ11-LR11)=SIGN($LS$2-$LT$2),3,IF(OR(LQ11=$LS$2,LR11=$LT$2),1,0))))) -> 0 | LW11: =IF(AND(LU11="",LV11=""),0,IF(AND(LU11=$LW$2,LV11=$LX$2),5,IF(AND(SIGN(LU11-LV11)=SIGN($LW$2-$LX$2),OR(LU11=$LW$2,LV11=$LX$2)),4,IF(SIGN(LU11-LV11)=SIGN($LW$2-$LX$2),3,IF(OR(LU11=$LW$2,LV11=$LX$2),1,0))))) -> 0 | LY11: =LO11+LS11+LW11 -> 0 | MB11: =IF(AND(LZ11="",MA11=""),0,IF(AND(LZ11=$MB$2,MA11=$MC$2),5,IF(AND(SIGN(LZ11-MA11)=SIGN($MB$2-$MC$2),OR(LZ11=$MB$2,MA11=$MC$2)),4,IF(SIGN(LZ11-MA11)=SIGN($MB$2-$MC$2),3,IF(OR(LZ11=$MB$2,MA11=$MC$2),1,0))))) -> 0 | MF11: =IF(AND(MD11="",ME11=""),0,IF(AND(MD11=$MF$2,ME11=$MG$2),5,IF(AND(SIGN(MD11-ME11)=SIGN($MF$2-$MG$2),OR(MD11=$MF$2,ME11=$MG$2)),4,IF(SIGN(MD11-ME11)=SIGN($MF$2-$MG$2),3,IF(OR(MD11=$MF$2,ME11=$MG$2),1,0))))) -> 0 | MJ11: =IF(AND(MH11="",MI11=""),0,IF(AND(MH11=$MJ$2,MI11=$MK$2),5,IF(AND(SIGN(MH11-MI11)=SIGN($MJ$2-$MK$2),OR(MH11=$MJ$2,MI11=$MK$2)),4,IF(SIGN(MH11-MI11)=SIGN($MJ$2-$MK$2),3,IF(OR(MH11=$MJ$2,MI11=$MK$2),1,0))))) -> 0 | ML11: =MB11+MF11+MJ11 -> 0 | MO11: =IF(AND(MM11="",MN11=""),0,IF(AND(MM11=$MO$2,MN11=$MP$2),5,IF(AND(SIGN(MM11-MN11)=SIGN($MO$2-$MP$2),OR(MM11=$MO$2,MN11=$MP$2)),4,IF(SIGN(MM11-MN11)=SIGN($MO$2-$MP$2),3,IF(OR(MM11=$MO$2,MN11=$MP$2),1,0))))) -> 0 | MS11: =IF(AND(MQ11="",MR11=""),0,IF(AND(MQ11=$MS$2,MR11=$MT$2),5,IF(AND(SIGN(MQ11-MR11)=SIGN($MS$2-$MT$2),OR(MQ11=$MS$2,MR11=$MT$2)),4,IF(SIGN(MQ11-MR11)=SIGN($MS$2-$MT$2),3,IF(OR(MQ11=$MS$2,MR11=$MT$2),1,0))))) -> 0 | MW11: =IF(AND(MU11="",MV11=""),0,IF(AND(MU11=$MW$2,MV11=$MX$2),5,IF(AND(SIGN(MU11-MV11)=SIGN($MW$2-$MX$2),OR(MU11=$MW$2,MV11=$MX$2)),4,IF(SIGN(MU11-MV11)=SIGN($MW$2-$MX$2),3,IF(OR(MU11=$MW$2,MV11=$MX$2),1,0))))) -> 0 | MY11: =MO11+MS11+MW11 -> 0 | NB11: =IF(AND(MZ11="",NA11=""),0,IF(AND(MZ11=$NB$2,NA11=$NC$2),5,IF(AND(SIGN(MZ11-NA11)=SIGN($NB$2-$NC$2),OR(MZ11=$NB$2,NA11=$NC$2)),4,IF(SIGN(MZ11-NA11)=SIGN($NB$2-$NC$2),3,IF(OR(MZ11=$NB$2,NA11=$NC$2),1,0))))) -> 0 | NF11: =IF(AND(ND11="",NE11=""),0,IF(AND(ND11=$NF$2,NE11=$NG$2),5,IF(AND(SIGN(ND11-NE11)=SIGN($NF$2-$NG$2),OR(ND11=$NF$2,NE11=$NG$2)),4,IF(SIGN(ND11-NE11)=SIGN($NF$2-$NG$2),3,IF(OR(ND11=$NF$2,NE11=$NG$2),1,0))))) -> 0 | NJ11: =IF(AND(NH11="",NI11=""),0,IF(AND(NH11=$NJ$2,NI11=$NK$2),5,IF(AND(SIGN(NH11-NI11)=SIGN($NJ$2-$NK$2),OR(NH11=$NJ$2,NI11=$NK$2)),4,IF(SIGN(NH11-NI11)=SIGN($NJ$2-$NK$2),3,IF(OR(NH11=$NJ$2,NI11=$NK$2),1,0))))) -> 0 | NL11: =NB11+NF11+NJ11 -> 0 | NO11: =IF(AND(NM11="",NN11=""),0,IF(AND(NM11=$NO$2,NN11=$NP$2),5,IF(AND(SIGN(NM11-NN11)=SIGN($NO$2-$NP$2),OR(NM11=$NO$2,NN11=$NP$2)),4,IF(SIGN(NM11-NN11)=SIGN($NO$2-$NP$2),3,IF(OR(NM11=$NO$2,NN11=$NP$2),1,0))))) -> 0 | NS11: =IF(AND(NQ11="",NR11=""),0,IF(AND(NQ11=$NS$2,NR11=$NT$2),5,IF(AND(SIGN(NQ11-NR11)=SIGN($NS$2-$NT$2),OR(NQ11=$NS$2,NR11=$NT$2)),4,IF(SIGN(NQ11-NR11)=SIGN($NS$2-$NT$2),3,IF(OR(NQ11=$NS$2,NR11=$NT$2),1,0))))) -> 0 | NU11: =NO11+NS11 -> 0 | NX11: =IF(AND(NV11="",NW11=""),0,IF(AND(NV11=$NX$2,NW11=$NY$2),5,IF(AND(SIGN(NV11-NW11)=SIGN($NX$2-$NY$2),OR(NV11=$NX$2,NW11=$NY$2)),4,IF(SIGN(NV11-NW11)=SIGN($NX$2-$NY$2),3,IF(OR(NV11=$NX$2,NW11=$NY$2),1,0))))) -> 0 | OB11: =IF(AND(NZ11="",OA11=""),0,IF(AND(NZ11=$OB$2,OA11=$OC$2),5,IF(AND(SIGN(NZ11-OA11)=SIGN($OB$2-$OC$2),OR(NZ11=$OB$2,OA11=$OC$2)),4,IF(SIGN(NZ11-OA11)=SIGN($OB$2-$OC$2),3,IF(OR(NZ11=$OB$2,OA11=$OC$2),1,0))))) -> 0 | OD11: =NX11+OB11 -> 0 | OG11: =IF(AND(OE11="",OF11=""),0,IF(AND(OE11=$OG$2,OF11=$OH$2),5,IF(AND(SIGN(OE11-OF11)=SIGN($OG$2-$OH$2),OR(OE11=$OG$2,OF11=$OH$2)),4,IF(SIGN(OE11-OF11)=SIGN($OG$2-$OH$2),3,IF(OR(OE11=$OG$2,OF11=$OH$2),1,0))))) -> 0 | OK11: =IF(AND(OI11="",OJ11=""),0,IF(AND(OI11=$OK$2,OJ11=$OL$2),5,IF(AND(SIGN(OI11-OJ11)=SIGN($OK$2-$OL$2),OR(OI11=$OK$2,OJ11=$OL$2)),4,IF(SIGN(OI11-OJ11)=SIGN($OK$2-$OL$2),3,IF(OR(OI11=$OK$2,OJ11=$OL$2),1,0))))) -> 0 | OM11: =OG11+OK11 -> 0 | OP11: =IF(AND(ON11="",OO11=""),0,IF(AND(ON11=$OP$2,OO11=$OQ$2),5,IF(AND(SIGN(ON11-OO11)=SIGN($OP$2-$OQ$2),OR(ON11=$OP$2,OO11=$OQ$2)),4,IF(SIGN(ON11-OO11)=SIGN($OP$2-$OQ$2),3,IF(OR(ON11=$OP$2,OO11=$OQ$2),1,0))))) -> 0 | OT11: =IF(AND(OR11="",OS11=""),0,IF(AND(OR11=$OT$2,OS11=$OU$2),5,IF(AND(SIGN(OR11-OS11)=SIGN($OT$2-$OU$2),OR(OR11=$OT$2,OS11=$OU$2)),4,IF(SIGN(OR11-OS11)=SIGN($OT$2-$OU$2),3,IF(OR(OR11=$OT$2,OS11=$OU$2),1,0))))) -> 0 | OV11: =OP11+OT11 -> 0 | OY11: =IF(AND(OW11="",OX11=""),0,IF(AND(OW11=$OY$2,OX11=$OZ$2),5,IF(AND(SIGN(OW11-OX11)=SIGN($OY$2-$OZ$2),OR(OW11=$OY$2,OX11=$OZ$2)),4,IF(SIGN(OW11-OX11)=SIGN($OY$2-$OZ$2),3,IF(OR(OW11=$OY$2,OX11=$OZ$2),1,0))))) -> 0 | PA11: =OY11 -> 0 | PD11: =IF(AND(PB11="",PC11=""),0,IF(AND(PB11=$PD$2,PC11=$PE$2),5,IF(AND(SIGN(PB11-PC11)=SIGN($PD$2-$PE$2),OR(PB11=$PD$2,PC11=$PE$2)),4,IF(SIGN(PB11-PC11)=SIGN($PD$2-$PE$2),3,IF(OR(PB11=$PD$2,PC11=$PE$2),1,0))))) -> 0 | PF11: =PD11 -> 0 | PI11: =IF(AND(PG11="",PH11=""),0,IF(AND(PG11=$PI$2,PH11=$PJ$2),5,IF(AND(SIGN(PG11-PH11)=SIGN($PI$2-$PJ$2),OR(PG11=$PI$2,PH11=$PJ$2)),4,IF(SIGN(PG11-PH11)=SIGN($PI$2-$PJ$2),3,IF(OR(PG11=$PI$2,PH11=$PJ$2),1,0))))) -> 0 | PM11: =IF(AND(PK11="",PL11=""),0,IF(AND(PK11=$PM$2,PL11=$PN$2),5,IF(AND(SIGN(PK11-PL11)=SIGN($PM$2-$PN$2),OR(PK11=$PM$2,PL11=$PN$2)),4,IF(SIGN(PK11-PL11)=SIGN($PM$2-$PN$2),3,IF(OR(PK11=$PM$2,PL11=$PN$2),1,0))))) -> 0 | PO11: =PI11+PM11 -> 0 | PR11: =IF(AND(PP11="",PQ11=""),0,IF(AND(PP11=$PR$2,PQ11=$PS$2),5,IF(AND(SIGN(PP11-PQ11)=SIGN($PR$2-$PS$2),OR(PP11=$PR$2,PQ11=$PS$2)),4,IF(SIGN(PP11-PQ11)=SIGN($PR$2-$PS$2),3,IF(OR(PP11=$PR$2,PQ11=$PS$2),1,0))))) -> 0 | PT11: =PR11 -> 0 | PW11: =IF(AND(PU11="",PV11=""),0,IF(AND(PU11=$PW$2,PV11=$PX$2),5,IF(AND(SIGN(PU11-PV11)=SIGN($PW$2-$PX$2),OR(PU11=$PW$2,PV11=$PX$2)),4,IF(SIGN(PU11-PV11)=SIGN($PW$2-$PX$2),3,IF(OR(PU11=$PW$2,PV11=$PX$2),1,0))))) -> 0 | PY11: =PW11 -> 0 | QB11: =IF(AND(PZ11="",QA11=""),0,IF(AND(PZ11=$QB$2,QA11=$QC$2),5,IF(AND(SIGN(PZ11-QA11)=SIGN($QB$2-$QC$2),OR(PZ11=$QB$2,QA11=$QC$2)),4,IF(SIGN(PZ11-QA11)=SIGN($QB$2-$QC$2),3,IF(OR(PZ11=$QB$2,QA11=$QC$2),1,0))))) -> 0 | QD11: =QB11 -> 0 | QG11: =IF(AND(QE11="",QF11=""),0,IF(AND(QE11=$QG$2,QF11=$QH$2),5,IF(AND(SIGN(QE11-QF11)=SIGN($QG$2-$QH$2),OR(QE11=$QG$2,QF11=$QH$2)),4,IF(SIGN(QE11-QF11)=SIGN($QG$2-$QH$2),3,IF(OR(QE11=$QG$2,QF11=$QH$2),1,0))))) -> 0 | QI11: =QG11 -> 0
